<?xml version="1.0" encoding="UTF-8"?>
<DocSetNodes version="1.0">
    <TOC>
        <Node type="folder">
            <Name>Millennial Media iOS SDK</Name>
            <Path>index.html</Path>
			<Subnodes>
                
				
				<Node type="folder">
					<Name>Classes</Name>
					<Path>index.html</Path>
					<Subnodes>
						<NodeRef refid="1"/>
						<NodeRef refid="2"/>
						<NodeRef refid="3"/>
						<NodeRef refid="4"/>
						<NodeRef refid="5"/>
						<NodeRef refid="6"/>
						<NodeRef refid="7"/>
						<NodeRef refid="8"/>
						
					</Subnodes>
				</Node>
				
				
                
				<Node>
					<Name>Protocols</Name>
					<Path>index.html</Path>
					<Subnodes>
						<NodeRef refid="9"/>
						<NodeRef refid="10"/>
						<NodeRef refid="11"/>
						
					</Subnodes>
				</Node>
				
                
				<Node>
					<Name>Constants</Name>
					<Path>index.html</Path>
					<Subnodes>
						<NodeRef refid="12"/>
						<NodeRef refid="13"/>
						<NodeRef refid="14"/>
						<NodeRef refid="15"/>
						<NodeRef refid="16"/>
						<NodeRef refid="17"/>
						<NodeRef refid="18"/>
						<NodeRef refid="19"/>
						<NodeRef refid="20"/>
						<NodeRef refid="21"/>
						
					</Subnodes>
				</Node>
				
                
			</Subnodes>
        </Node>
    </TOC>
	<Library>
		
		<Node id="1" type="file" documentType="reference">
            <Name>MMAd</Name>
            <Path>Classes/MMAd.html</Path>
            
                <Subnodes>
                <Node type="section">
                    <Path>Classes/MMAd.html</Path>
                    <Name>Overview</Name>
                    <Anchor>overview</Anchor>
                </Node>
                <Node type="section">
                    <Path>Classes/MMAd.html</Path>
                    <Name>Tasks</Name>
                    <Anchor>tasks</Anchor>
                </Node>
                
                <Node type="section">
                    <Path>Classes/MMAd.html</Path>
                    <Name>Properties</Name>
                    <Anchor>properties</Anchor>
                </Node>
                
                
                
                <Node type="section">
                    <Path>Classes/MMAd.html</Path>
                    <Name>Instance Methods</Name>
                    <Anchor>instance_methods</Anchor>
                </Node>
                
            </Subnodes>
            
        </Node>
		<Node id="2" type="file" documentType="reference">
            <Name>MMAppSettings</Name>
            <Path>Classes/MMAppSettings.html</Path>
            
                <Subnodes>
                <Node type="section">
                    <Path>Classes/MMAppSettings.html</Path>
                    <Name>Overview</Name>
                    <Anchor>overview</Anchor>
                </Node>
                <Node type="section">
                    <Path>Classes/MMAppSettings.html</Path>
                    <Name>Tasks</Name>
                    <Anchor>tasks</Anchor>
                </Node>
                
                <Node type="section">
                    <Path>Classes/MMAppSettings.html</Path>
                    <Name>Properties</Name>
                    <Anchor>properties</Anchor>
                </Node>
                
                
                
                <Node type="section">
                    <Path>Classes/MMAppSettings.html</Path>
                    <Name>Instance Methods</Name>
                    <Anchor>instance_methods</Anchor>
                </Node>
                
            </Subnodes>
            
        </Node>
		<Node id="3" type="file" documentType="reference">
            <Name>MMInlineAd</Name>
            <Path>Classes/MMInlineAd.html</Path>
            
                <Subnodes>
                <Node type="section">
                    <Path>Classes/MMInlineAd.html</Path>
                    <Name>Overview</Name>
                    <Anchor>overview</Anchor>
                </Node>
                <Node type="section">
                    <Path>Classes/MMInlineAd.html</Path>
                    <Name>Tasks</Name>
                    <Anchor>tasks</Anchor>
                </Node>
                
                <Node type="section">
                    <Path>Classes/MMInlineAd.html</Path>
                    <Name>Properties</Name>
                    <Anchor>properties</Anchor>
                </Node>
                
                
                <Node type="section">
                    <Path>Classes/MMInlineAd.html</Path>
                    <Name>Class Methods</Name>
                    <Anchor>class_methods</Anchor>
                </Node>
                
                
                <Node type="section">
                    <Path>Classes/MMInlineAd.html</Path>
                    <Name>Instance Methods</Name>
                    <Anchor>instance_methods</Anchor>
                </Node>
                
            </Subnodes>
            
        </Node>
		<Node id="4" type="file" documentType="reference">
            <Name>MMInterstitialAd</Name>
            <Path>Classes/MMInterstitialAd.html</Path>
            
                <Subnodes>
                <Node type="section">
                    <Path>Classes/MMInterstitialAd.html</Path>
                    <Name>Overview</Name>
                    <Anchor>overview</Anchor>
                </Node>
                <Node type="section">
                    <Path>Classes/MMInterstitialAd.html</Path>
                    <Name>Tasks</Name>
                    <Anchor>tasks</Anchor>
                </Node>
                
                <Node type="section">
                    <Path>Classes/MMInterstitialAd.html</Path>
                    <Name>Properties</Name>
                    <Anchor>properties</Anchor>
                </Node>
                
                
                
                <Node type="section">
                    <Path>Classes/MMInterstitialAd.html</Path>
                    <Name>Instance Methods</Name>
                    <Anchor>instance_methods</Anchor>
                </Node>
                
            </Subnodes>
            
        </Node>
		<Node id="5" type="file" documentType="reference">
            <Name>MMNativeAd</Name>
            <Path>Classes/MMNativeAd.html</Path>
            
                <Subnodes>
                <Node type="section">
                    <Path>Classes/MMNativeAd.html</Path>
                    <Name>Overview</Name>
                    <Anchor>overview</Anchor>
                </Node>
                <Node type="section">
                    <Path>Classes/MMNativeAd.html</Path>
                    <Name>Tasks</Name>
                    <Anchor>tasks</Anchor>
                </Node>
                
                <Node type="section">
                    <Path>Classes/MMNativeAd.html</Path>
                    <Name>Properties</Name>
                    <Anchor>properties</Anchor>
                </Node>
                
                
                
                <Node type="section">
                    <Path>Classes/MMNativeAd.html</Path>
                    <Name>Instance Methods</Name>
                    <Anchor>instance_methods</Anchor>
                </Node>
                
            </Subnodes>
            
        </Node>
		<Node id="6" type="file" documentType="reference">
            <Name>MMRequestInfo</Name>
            <Path>Classes/MMRequestInfo.html</Path>
            
                <Subnodes>
                <Node type="section">
                    <Path>Classes/MMRequestInfo.html</Path>
                    <Name>Overview</Name>
                    <Anchor>overview</Anchor>
                </Node>
                <Node type="section">
                    <Path>Classes/MMRequestInfo.html</Path>
                    <Name>Tasks</Name>
                    <Anchor>tasks</Anchor>
                </Node>
                
                <Node type="section">
                    <Path>Classes/MMRequestInfo.html</Path>
                    <Name>Properties</Name>
                    <Anchor>properties</Anchor>
                </Node>
                
                
                
            </Subnodes>
            
        </Node>
		<Node id="7" type="file" documentType="reference">
            <Name>MMSDK</Name>
            <Path>Classes/MMSDK.html</Path>
            
                <Subnodes>
                <Node type="section">
                    <Path>Classes/MMSDK.html</Path>
                    <Name>Overview</Name>
                    <Anchor>overview</Anchor>
                </Node>
                <Node type="section">
                    <Path>Classes/MMSDK.html</Path>
                    <Name>Tasks</Name>
                    <Anchor>tasks</Anchor>
                </Node>
                
                <Node type="section">
                    <Path>Classes/MMSDK.html</Path>
                    <Name>Properties</Name>
                    <Anchor>properties</Anchor>
                </Node>
                
                
                <Node type="section">
                    <Path>Classes/MMSDK.html</Path>
                    <Name>Class Methods</Name>
                    <Anchor>class_methods</Anchor>
                </Node>
                
                
                <Node type="section">
                    <Path>Classes/MMSDK.html</Path>
                    <Name>Instance Methods</Name>
                    <Anchor>instance_methods</Anchor>
                </Node>
                
            </Subnodes>
            
        </Node>
		<Node id="8" type="file" documentType="reference">
            <Name>MMUserSettings</Name>
            <Path>Classes/MMUserSettings.html</Path>
            
                <Subnodes>
                <Node type="section">
                    <Path>Classes/MMUserSettings.html</Path>
                    <Name>Overview</Name>
                    <Anchor>overview</Anchor>
                </Node>
                <Node type="section">
                    <Path>Classes/MMUserSettings.html</Path>
                    <Name>Tasks</Name>
                    <Anchor>tasks</Anchor>
                </Node>
                
                <Node type="section">
                    <Path>Classes/MMUserSettings.html</Path>
                    <Name>Properties</Name>
                    <Anchor>properties</Anchor>
                </Node>
                
                
                
            </Subnodes>
            
        </Node>
		
		
        <Node id="9" type="file" documentType="reference">
            <Name>MMInlineDelegate</Name>
            <Path>Protocols/MMInlineDelegate.html</Path>
            
                <Subnodes>
                <Node type="section">
                    <Path>Protocols/MMInlineDelegate.html</Path>
                    <Name>Overview</Name>
                    <Anchor>overview</Anchor>
                </Node>
                <Node type="section">
                    <Path>Protocols/MMInlineDelegate.html</Path>
                    <Name>Tasks</Name>
                    <Anchor>tasks</Anchor>
                </Node>
                
                
                
                <Node type="section">
                    <Path>Protocols/MMInlineDelegate.html</Path>
                    <Name>Instance Methods</Name>
                    <Anchor>instance_methods</Anchor>
                </Node>
                
            </Subnodes>
            
        </Node>
		<Node id="10" type="file" documentType="reference">
            <Name>MMInterstitialDelegate</Name>
            <Path>Protocols/MMInterstitialDelegate.html</Path>
            
                <Subnodes>
                <Node type="section">
                    <Path>Protocols/MMInterstitialDelegate.html</Path>
                    <Name>Overview</Name>
                    <Anchor>overview</Anchor>
                </Node>
                <Node type="section">
                    <Path>Protocols/MMInterstitialDelegate.html</Path>
                    <Name>Tasks</Name>
                    <Anchor>tasks</Anchor>
                </Node>
                
                
                
                <Node type="section">
                    <Path>Protocols/MMInterstitialDelegate.html</Path>
                    <Name>Instance Methods</Name>
                    <Anchor>instance_methods</Anchor>
                </Node>
                
            </Subnodes>
            
        </Node>
		<Node id="11" type="file" documentType="reference">
            <Name>MMNativeAdDelegate</Name>
            <Path>Protocols/MMNativeAdDelegate.html</Path>
            
                <Subnodes>
                <Node type="section">
                    <Path>Protocols/MMNativeAdDelegate.html</Path>
                    <Name>Overview</Name>
                    <Anchor>overview</Anchor>
                </Node>
                <Node type="section">
                    <Path>Protocols/MMNativeAdDelegate.html</Path>
                    <Name>Tasks</Name>
                    <Anchor>tasks</Anchor>
                </Node>
                
                
                
                <Node type="section">
                    <Path>Protocols/MMNativeAdDelegate.html</Path>
                    <Name>Instance Methods</Name>
                    <Anchor>instance_methods</Anchor>
                </Node>
                
            </Subnodes>
            
        </Node>
		
        <Node id="12" type="file" documentType="reference">
            <Name>MMEducation</Name>
            <Path>Constants/MMEducation.html</Path>
            
        </Node>
		<Node id="13" type="file" documentType="reference">
            <Name>MMEthnicity</Name>
            <Path>Constants/MMEthnicity.html</Path>
            
        </Node>
		<Node id="14" type="file" documentType="reference">
            <Name>MMGender</Name>
            <Path>Constants/MMGender.html</Path>
            
        </Node>
		<Node id="15" type="file" documentType="reference">
            <Name>MMInlineAdSize</Name>
            <Path>Constants/MMInlineAdSize.html</Path>
            
        </Node>
		<Node id="16" type="file" documentType="reference">
            <Name>MMLogFlag</Name>
            <Path>Constants/MMLogFlag.html</Path>
            
        </Node>
		<Node id="17" type="file" documentType="reference">
            <Name>MMLogLevel</Name>
            <Path>Constants/MMLogLevel.html</Path>
            
        </Node>
		<Node id="18" type="file" documentType="reference">
            <Name>MMMaritalStatus</Name>
            <Path>Constants/MMMaritalStatus.html</Path>
            
        </Node>
		<Node id="19" type="file" documentType="reference">
            <Name>MMNativeAdComponent</Name>
            <Path>Constants/MMNativeAdComponent.html</Path>
            
        </Node>
		<Node id="20" type="file" documentType="reference">
            <Name>MMPolitics</Name>
            <Path>Constants/MMPolitics.html</Path>
            
        </Node>
		<Node id="21" type="file" documentType="reference">
            <Name>MMSDKError</Name>
            <Path>Constants/MMSDKError.html</Path>
            
        </Node>
		
        
	</Library>
</DocSetNodes>