<?xml version="1.0" encoding="UTF-8"?>
<Tokens version="1.0">
	<File path="Classes/MMUserSettings.html">
		
		<Token>
			<TokenIdentifier>//apple_ref/occ/cl/MMUserSettings</TokenIdentifier>
			<Abstract type="html">The object used to configure persistent app-wide settings for the current user of the application.
If your application collects user profile information, this object should be updated whenever that
information changes.</Abstract>
			<DeclaredIn>MMUserSettings.h</DeclaredIn>
            
			
			<NodeRef refid="8"/>
		</Token>
		
		
		<Token>
			<TokenIdentifier>//apple_ref/occ/instm/MMUserSettings/setAge:</TokenIdentifier>
			<Abstract type="html">The user&apos;s age.</Abstract>
			<DeclaredIn>MMUserSettings.h</DeclaredIn>
			
			<Declaration>@property (nonatomic, strong, nullable) NSNumber *age</Declaration>
			
			
			<Anchor>//api/name/age</Anchor>
            <NodeRef refid="8"/>
		</Token>
		
		<Token>
			<TokenIdentifier>//apple_ref/occ/instm/MMUserSettings/age</TokenIdentifier>
			<Abstract type="html">The user&apos;s age.</Abstract>
			<DeclaredIn>MMUserSettings.h</DeclaredIn>
			
			<Declaration>@property (nonatomic, strong, nullable) NSNumber *age</Declaration>
			
			
			<Anchor>//api/name/age</Anchor>
            <NodeRef refid="8"/>
		</Token>
		
		<Token>
			<TokenIdentifier>//apple_ref/occ/instp/MMUserSettings/age</TokenIdentifier>
			<Abstract type="html">The user&apos;s age.</Abstract>
			<DeclaredIn>MMUserSettings.h</DeclaredIn>
			
			<Declaration>@property (nonatomic, strong, nullable) NSNumber *age</Declaration>
			
			
			<Anchor>//api/name/age</Anchor>
            <NodeRef refid="8"/>
		</Token>
		
		<Token>
			<TokenIdentifier>//apple_ref/occ/instm/MMUserSettings/setDob:</TokenIdentifier>
			<Abstract type="html">The user&apos;s date of birth.</Abstract>
			<DeclaredIn>MMUserSettings.h</DeclaredIn>
			
			<Declaration>@property (nonatomic, strong, nullable) NSDate *dob</Declaration>
			
			
			<Anchor>//api/name/dob</Anchor>
            <NodeRef refid="8"/>
		</Token>
		
		<Token>
			<TokenIdentifier>//apple_ref/occ/instm/MMUserSettings/dob</TokenIdentifier>
			<Abstract type="html">The user&apos;s date of birth.</Abstract>
			<DeclaredIn>MMUserSettings.h</DeclaredIn>
			
			<Declaration>@property (nonatomic, strong, nullable) NSDate *dob</Declaration>
			
			
			<Anchor>//api/name/dob</Anchor>
            <NodeRef refid="8"/>
		</Token>
		
		<Token>
			<TokenIdentifier>//apple_ref/occ/instp/MMUserSettings/dob</TokenIdentifier>
			<Abstract type="html">The user&apos;s date of birth.</Abstract>
			<DeclaredIn>MMUserSettings.h</DeclaredIn>
			
			<Declaration>@property (nonatomic, strong, nullable) NSDate *dob</Declaration>
			
			
			<Anchor>//api/name/dob</Anchor>
            <NodeRef refid="8"/>
		</Token>
		
		<Token>
			<TokenIdentifier>//apple_ref/occ/instm/MMUserSettings/setChildren:</TokenIdentifier>
			<Abstract type="html">The number of children the user has.</Abstract>
			<DeclaredIn>MMUserSettings.h</DeclaredIn>
			
			<Declaration>@property (nonatomic, strong, nullable) NSNumber *children</Declaration>
			
			
			<Anchor>//api/name/children</Anchor>
            <NodeRef refid="8"/>
		</Token>
		
		<Token>
			<TokenIdentifier>//apple_ref/occ/instm/MMUserSettings/children</TokenIdentifier>
			<Abstract type="html">The number of children the user has.</Abstract>
			<DeclaredIn>MMUserSettings.h</DeclaredIn>
			
			<Declaration>@property (nonatomic, strong, nullable) NSNumber *children</Declaration>
			
			
			<Anchor>//api/name/children</Anchor>
            <NodeRef refid="8"/>
		</Token>
		
		<Token>
			<TokenIdentifier>//apple_ref/occ/instp/MMUserSettings/children</TokenIdentifier>
			<Abstract type="html">The number of children the user has.</Abstract>
			<DeclaredIn>MMUserSettings.h</DeclaredIn>
			
			<Declaration>@property (nonatomic, strong, nullable) NSNumber *children</Declaration>
			
			
			<Anchor>//api/name/children</Anchor>
            <NodeRef refid="8"/>
		</Token>
		
		<Token>
			<TokenIdentifier>//apple_ref/occ/instm/MMUserSettings/setIncome:</TokenIdentifier>
			<Abstract type="html">The user&apos;s annual income.</Abstract>
			<DeclaredIn>MMUserSettings.h</DeclaredIn>
			
			<Declaration>@property (nonatomic, strong, nullable) NSNumber *income</Declaration>
			
			
			<Anchor>//api/name/income</Anchor>
            <NodeRef refid="8"/>
		</Token>
		
		<Token>
			<TokenIdentifier>//apple_ref/occ/instm/MMUserSettings/income</TokenIdentifier>
			<Abstract type="html">The user&apos;s annual income.</Abstract>
			<DeclaredIn>MMUserSettings.h</DeclaredIn>
			
			<Declaration>@property (nonatomic, strong, nullable) NSNumber *income</Declaration>
			
			
			<Anchor>//api/name/income</Anchor>
            <NodeRef refid="8"/>
		</Token>
		
		<Token>
			<TokenIdentifier>//apple_ref/occ/instp/MMUserSettings/income</TokenIdentifier>
			<Abstract type="html">The user&apos;s annual income.</Abstract>
			<DeclaredIn>MMUserSettings.h</DeclaredIn>
			
			<Declaration>@property (nonatomic, strong, nullable) NSNumber *income</Declaration>
			
			
			<Anchor>//api/name/income</Anchor>
            <NodeRef refid="8"/>
		</Token>
		
		<Token>
			<TokenIdentifier>//apple_ref/occ/instm/MMUserSettings/setEducation:</TokenIdentifier>
			<Abstract type="html">The user&apos;s education level.</Abstract>
			<DeclaredIn>MMUserSettings.h</DeclaredIn>
			
			<Declaration>@property (nonatomic, assign) MMEducation education</Declaration>
			
			
			<Anchor>//api/name/education</Anchor>
            <NodeRef refid="8"/>
		</Token>
		
		<Token>
			<TokenIdentifier>//apple_ref/occ/instm/MMUserSettings/education</TokenIdentifier>
			<Abstract type="html">The user&apos;s education level.</Abstract>
			<DeclaredIn>MMUserSettings.h</DeclaredIn>
			
			<Declaration>@property (nonatomic, assign) MMEducation education</Declaration>
			
			
			<Anchor>//api/name/education</Anchor>
            <NodeRef refid="8"/>
		</Token>
		
		<Token>
			<TokenIdentifier>//apple_ref/occ/instp/MMUserSettings/education</TokenIdentifier>
			<Abstract type="html">The user&apos;s education level.</Abstract>
			<DeclaredIn>MMUserSettings.h</DeclaredIn>
			
			<Declaration>@property (nonatomic, assign) MMEducation education</Declaration>
			
			
			<Anchor>//api/name/education</Anchor>
            <NodeRef refid="8"/>
		</Token>
		
		<Token>
			<TokenIdentifier>//apple_ref/occ/instm/MMUserSettings/setEthnicity:</TokenIdentifier>
			<Abstract type="html">The user&apos;s ethnicity.</Abstract>
			<DeclaredIn>MMUserSettings.h</DeclaredIn>
			
			<Declaration>@property (nonatomic, assign) MMEthnicity ethnicity</Declaration>
			
			
			<Anchor>//api/name/ethnicity</Anchor>
            <NodeRef refid="8"/>
		</Token>
		
		<Token>
			<TokenIdentifier>//apple_ref/occ/instm/MMUserSettings/ethnicity</TokenIdentifier>
			<Abstract type="html">The user&apos;s ethnicity.</Abstract>
			<DeclaredIn>MMUserSettings.h</DeclaredIn>
			
			<Declaration>@property (nonatomic, assign) MMEthnicity ethnicity</Declaration>
			
			
			<Anchor>//api/name/ethnicity</Anchor>
            <NodeRef refid="8"/>
		</Token>
		
		<Token>
			<TokenIdentifier>//apple_ref/occ/instp/MMUserSettings/ethnicity</TokenIdentifier>
			<Abstract type="html">The user&apos;s ethnicity.</Abstract>
			<DeclaredIn>MMUserSettings.h</DeclaredIn>
			
			<Declaration>@property (nonatomic, assign) MMEthnicity ethnicity</Declaration>
			
			
			<Anchor>//api/name/ethnicity</Anchor>
            <NodeRef refid="8"/>
		</Token>
		
		<Token>
			<TokenIdentifier>//apple_ref/occ/instm/MMUserSettings/setGender:</TokenIdentifier>
			<Abstract type="html">The user&apos;s gender.</Abstract>
			<DeclaredIn>MMUserSettings.h</DeclaredIn>
			
			<Declaration>@property (nonatomic, assign) MMGender gender</Declaration>
			
			
			<Anchor>//api/name/gender</Anchor>
            <NodeRef refid="8"/>
		</Token>
		
		<Token>
			<TokenIdentifier>//apple_ref/occ/instm/MMUserSettings/gender</TokenIdentifier>
			<Abstract type="html">The user&apos;s gender.</Abstract>
			<DeclaredIn>MMUserSettings.h</DeclaredIn>
			
			<Declaration>@property (nonatomic, assign) MMGender gender</Declaration>
			
			
			<Anchor>//api/name/gender</Anchor>
            <NodeRef refid="8"/>
		</Token>
		
		<Token>
			<TokenIdentifier>//apple_ref/occ/instp/MMUserSettings/gender</TokenIdentifier>
			<Abstract type="html">The user&apos;s gender.</Abstract>
			<DeclaredIn>MMUserSettings.h</DeclaredIn>
			
			<Declaration>@property (nonatomic, assign) MMGender gender</Declaration>
			
			
			<Anchor>//api/name/gender</Anchor>
            <NodeRef refid="8"/>
		</Token>
		
		<Token>
			<TokenIdentifier>//apple_ref/occ/instm/MMUserSettings/setMaritalStatus:</TokenIdentifier>
			<Abstract type="html">The user&apos;s marital status.</Abstract>
			<DeclaredIn>MMUserSettings.h</DeclaredIn>
			
			<Declaration>@property (nonatomic, assign) MMMaritalStatus maritalStatus</Declaration>
			
			
			<Anchor>//api/name/maritalStatus</Anchor>
            <NodeRef refid="8"/>
		</Token>
		
		<Token>
			<TokenIdentifier>//apple_ref/occ/instm/MMUserSettings/maritalStatus</TokenIdentifier>
			<Abstract type="html">The user&apos;s marital status.</Abstract>
			<DeclaredIn>MMUserSettings.h</DeclaredIn>
			
			<Declaration>@property (nonatomic, assign) MMMaritalStatus maritalStatus</Declaration>
			
			
			<Anchor>//api/name/maritalStatus</Anchor>
            <NodeRef refid="8"/>
		</Token>
		
		<Token>
			<TokenIdentifier>//apple_ref/occ/instp/MMUserSettings/maritalStatus</TokenIdentifier>
			<Abstract type="html">The user&apos;s marital status.</Abstract>
			<DeclaredIn>MMUserSettings.h</DeclaredIn>
			
			<Declaration>@property (nonatomic, assign) MMMaritalStatus maritalStatus</Declaration>
			
			
			<Anchor>//api/name/maritalStatus</Anchor>
            <NodeRef refid="8"/>
		</Token>
		
		<Token>
			<TokenIdentifier>//apple_ref/occ/instm/MMUserSettings/setPolitics:</TokenIdentifier>
			<Abstract type="html">The user&apos;s political affiliation.</Abstract>
			<DeclaredIn>MMUserSettings.h</DeclaredIn>
			
			<Declaration>@property (nonatomic, assign) MMPolitics politics</Declaration>
			
			
			<Anchor>//api/name/politics</Anchor>
            <NodeRef refid="8"/>
		</Token>
		
		<Token>
			<TokenIdentifier>//apple_ref/occ/instm/MMUserSettings/politics</TokenIdentifier>
			<Abstract type="html">The user&apos;s political affiliation.</Abstract>
			<DeclaredIn>MMUserSettings.h</DeclaredIn>
			
			<Declaration>@property (nonatomic, assign) MMPolitics politics</Declaration>
			
			
			<Anchor>//api/name/politics</Anchor>
            <NodeRef refid="8"/>
		</Token>
		
		<Token>
			<TokenIdentifier>//apple_ref/occ/instp/MMUserSettings/politics</TokenIdentifier>
			<Abstract type="html">The user&apos;s political affiliation.</Abstract>
			<DeclaredIn>MMUserSettings.h</DeclaredIn>
			
			<Declaration>@property (nonatomic, assign) MMPolitics politics</Declaration>
			
			
			<Anchor>//api/name/politics</Anchor>
            <NodeRef refid="8"/>
		</Token>
		
		<Token>
			<TokenIdentifier>//apple_ref/occ/instm/MMUserSettings/setState:</TokenIdentifier>
			<Abstract type="html">The user&apos;s state or province of residence. Use the standard two character abbreviation for US State, e.g. GA.</Abstract>
			<DeclaredIn>MMUserSettings.h</DeclaredIn>
			
			<Declaration>@property (nonatomic, copy, nullable) NSString *state</Declaration>
			
			
			<Anchor>//api/name/state</Anchor>
            <NodeRef refid="8"/>
		</Token>
		
		<Token>
			<TokenIdentifier>//apple_ref/occ/instm/MMUserSettings/state</TokenIdentifier>
			<Abstract type="html">The user&apos;s state or province of residence. Use the standard two character abbreviation for US State, e.g. GA.</Abstract>
			<DeclaredIn>MMUserSettings.h</DeclaredIn>
			
			<Declaration>@property (nonatomic, copy, nullable) NSString *state</Declaration>
			
			
			<Anchor>//api/name/state</Anchor>
            <NodeRef refid="8"/>
		</Token>
		
		<Token>
			<TokenIdentifier>//apple_ref/occ/instp/MMUserSettings/state</TokenIdentifier>
			<Abstract type="html">The user&apos;s state or province of residence. Use the standard two character abbreviation for US State, e.g. GA.</Abstract>
			<DeclaredIn>MMUserSettings.h</DeclaredIn>
			
			<Declaration>@property (nonatomic, copy, nullable) NSString *state</Declaration>
			
			
			<Anchor>//api/name/state</Anchor>
            <NodeRef refid="8"/>
		</Token>
		
		<Token>
			<TokenIdentifier>//apple_ref/occ/instm/MMUserSettings/setDma:</TokenIdentifier>
			<Abstract type="html">The user&apos;s DMA. Standard 3 character DMA code. e.g. 501</Abstract>
			<DeclaredIn>MMUserSettings.h</DeclaredIn>
			
			<Declaration>@property (nonatomic, copy, nullable) NSString *dma</Declaration>
			
			
			<Anchor>//api/name/dma</Anchor>
            <NodeRef refid="8"/>
		</Token>
		
		<Token>
			<TokenIdentifier>//apple_ref/occ/instm/MMUserSettings/dma</TokenIdentifier>
			<Abstract type="html">The user&apos;s DMA. Standard 3 character DMA code. e.g. 501</Abstract>
			<DeclaredIn>MMUserSettings.h</DeclaredIn>
			
			<Declaration>@property (nonatomic, copy, nullable) NSString *dma</Declaration>
			
			
			<Anchor>//api/name/dma</Anchor>
            <NodeRef refid="8"/>
		</Token>
		
		<Token>
			<TokenIdentifier>//apple_ref/occ/instp/MMUserSettings/dma</TokenIdentifier>
			<Abstract type="html">The user&apos;s DMA. Standard 3 character DMA code. e.g. 501</Abstract>
			<DeclaredIn>MMUserSettings.h</DeclaredIn>
			
			<Declaration>@property (nonatomic, copy, nullable) NSString *dma</Declaration>
			
			
			<Anchor>//api/name/dma</Anchor>
            <NodeRef refid="8"/>
		</Token>
		
		<Token>
			<TokenIdentifier>//apple_ref/occ/instm/MMUserSettings/setPostalCode:</TokenIdentifier>
			<Abstract type="html">The user&apos;s postal code, e.g. 90210 or M9A3G9</Abstract>
			<DeclaredIn>MMUserSettings.h</DeclaredIn>
			
			<Declaration>@property (nonatomic, copy, nullable) NSString *postalCode</Declaration>
			
			
			<Anchor>//api/name/postalCode</Anchor>
            <NodeRef refid="8"/>
		</Token>
		
		<Token>
			<TokenIdentifier>//apple_ref/occ/instm/MMUserSettings/postalCode</TokenIdentifier>
			<Abstract type="html">The user&apos;s postal code, e.g. 90210 or M9A3G9</Abstract>
			<DeclaredIn>MMUserSettings.h</DeclaredIn>
			
			<Declaration>@property (nonatomic, copy, nullable) NSString *postalCode</Declaration>
			
			
			<Anchor>//api/name/postalCode</Anchor>
            <NodeRef refid="8"/>
		</Token>
		
		<Token>
			<TokenIdentifier>//apple_ref/occ/instp/MMUserSettings/postalCode</TokenIdentifier>
			<Abstract type="html">The user&apos;s postal code, e.g. 90210 or M9A3G9</Abstract>
			<DeclaredIn>MMUserSettings.h</DeclaredIn>
			
			<Declaration>@property (nonatomic, copy, nullable) NSString *postalCode</Declaration>
			
			
			<Anchor>//api/name/postalCode</Anchor>
            <NodeRef refid="8"/>
		</Token>
		
		<Token>
			<TokenIdentifier>//apple_ref/occ/instm/MMUserSettings/setCountry:</TokenIdentifier>
			<Abstract type="html">The user&apos;s country of residence.</Abstract>
			<DeclaredIn>MMUserSettings.h</DeclaredIn>
			
			<Declaration>@property (nonatomic, copy, nullable) NSString *country</Declaration>
			
			
			<Anchor>//api/name/country</Anchor>
            <NodeRef refid="8"/>
		</Token>
		
		<Token>
			<TokenIdentifier>//apple_ref/occ/instm/MMUserSettings/country</TokenIdentifier>
			<Abstract type="html">The user&apos;s country of residence.</Abstract>
			<DeclaredIn>MMUserSettings.h</DeclaredIn>
			
			<Declaration>@property (nonatomic, copy, nullable) NSString *country</Declaration>
			
			
			<Anchor>//api/name/country</Anchor>
            <NodeRef refid="8"/>
		</Token>
		
		<Token>
			<TokenIdentifier>//apple_ref/occ/instp/MMUserSettings/country</TokenIdentifier>
			<Abstract type="html">The user&apos;s country of residence.</Abstract>
			<DeclaredIn>MMUserSettings.h</DeclaredIn>
			
			<Declaration>@property (nonatomic, copy, nullable) NSString *country</Declaration>
			
			
			<Anchor>//api/name/country</Anchor>
            <NodeRef refid="8"/>
		</Token>
		
		<Token>
			<TokenIdentifier>//apple_ref/occ/instm/MMUserSettings/setKeywords:</TokenIdentifier>
			<Abstract type="html">Keywords relevant to the current user of the application, e.g. [&quot;sports&quot;, &quot;huey lewis&quot;]</Abstract>
			<DeclaredIn>MMUserSettings.h</DeclaredIn>
			
			<Declaration>@property (nonatomic, copy, nullable) NSArray *keywords</Declaration>
			
			
			<Anchor>//api/name/keywords</Anchor>
            <NodeRef refid="8"/>
		</Token>
		
		<Token>
			<TokenIdentifier>//apple_ref/occ/instm/MMUserSettings/keywords</TokenIdentifier>
			<Abstract type="html">Keywords relevant to the current user of the application, e.g. [&quot;sports&quot;, &quot;huey lewis&quot;]</Abstract>
			<DeclaredIn>MMUserSettings.h</DeclaredIn>
			
			<Declaration>@property (nonatomic, copy, nullable) NSArray *keywords</Declaration>
			
			
			<Anchor>//api/name/keywords</Anchor>
            <NodeRef refid="8"/>
		</Token>
		
		<Token>
			<TokenIdentifier>//apple_ref/occ/instp/MMUserSettings/keywords</TokenIdentifier>
			<Abstract type="html">Keywords relevant to the current user of the application, e.g. [&quot;sports&quot;, &quot;huey lewis&quot;]</Abstract>
			<DeclaredIn>MMUserSettings.h</DeclaredIn>
			
			<Declaration>@property (nonatomic, copy, nullable) NSArray *keywords</Declaration>
			
			
			<Anchor>//api/name/keywords</Anchor>
            <NodeRef refid="8"/>
		</Token>
		
        
        
	</File>
</Tokens>