<?xml version="1.0" encoding="UTF-8"?>
<Tokens version="1.0">
	<File path="Constants/MMPolitics.html">
		
		<Token>
			<TokenIdentifier>//apple_ref/c/tdef/MMPolitics</TokenIdentifier>
			<Abstract type="html"></Abstract>
			<DeclaredIn>MMUserSettings.h</DeclaredIn>
            
			
			<NodeRef refid="20"/>
		</Token>
		
		
        
        <Token>
            <TokenIdentifier>//apple_ref/c/econst/MMPoliticsRepublican</TokenIdentifier>
            <Abstract type="html"></Abstract>
            <Declaration>MMPoliticsRepublican</Declaration>
            
            <DeclaredIn>MMUserSettings.h</DeclaredIn>
            
            <NodeRef refid="20"/>
        </Token>
        
        <Token>
            <TokenIdentifier>//apple_ref/c/econst/MMPoliticsDemocrat</TokenIdentifier>
            <Abstract type="html"></Abstract>
            <Declaration>MMPoliticsDemocrat</Declaration>
            
            <DeclaredIn>MMUserSettings.h</DeclaredIn>
            
            <NodeRef refid="20"/>
        </Token>
        
        <Token>
            <TokenIdentifier>//apple_ref/c/econst/MMPoliticsConservative</TokenIdentifier>
            <Abstract type="html"></Abstract>
            <Declaration>MMPoliticsConservative</Declaration>
            
            <DeclaredIn>MMUserSettings.h</DeclaredIn>
            
            <NodeRef refid="20"/>
        </Token>
        
        <Token>
            <TokenIdentifier>//apple_ref/c/econst/MMPoliticsModerate</TokenIdentifier>
            <Abstract type="html"></Abstract>
            <Declaration>MMPoliticsModerate</Declaration>
            
            <DeclaredIn>MMUserSettings.h</DeclaredIn>
            
            <NodeRef refid="20"/>
        </Token>
        
        <Token>
            <TokenIdentifier>//apple_ref/c/econst/MMPoliticsLiberal</TokenIdentifier>
            <Abstract type="html"></Abstract>
            <Declaration>MMPoliticsLiberal</Declaration>
            
            <DeclaredIn>MMUserSettings.h</DeclaredIn>
            
            <NodeRef refid="20"/>
        </Token>
        
        <Token>
            <TokenIdentifier>//apple_ref/c/econst/MMPoliticsIndependent</TokenIdentifier>
            <Abstract type="html"></Abstract>
            <Declaration>MMPoliticsIndependent</Declaration>
            
            <DeclaredIn>MMUserSettings.h</DeclaredIn>
            
            <NodeRef refid="20"/>
        </Token>
        
        <Token>
            <TokenIdentifier>//apple_ref/c/econst/MMPoliticsOther</TokenIdentifier>
            <Abstract type="html"></Abstract>
            <Declaration>MMPoliticsOther</Declaration>
            
            <DeclaredIn>MMUserSettings.h</DeclaredIn>
            
            <NodeRef refid="20"/>
        </Token>
        
        
	</File>
</Tokens>