<?xml version="1.0" encoding="UTF-8"?>
<Tokens version="1.0">
	<File path="Constants/MMNativeAdComponent.html">
		
		<Token>
			<TokenIdentifier>//apple_ref/c/tdef/MMNativeAdComponent</TokenIdentifier>
			<Abstract type="html"></Abstract>
			<DeclaredIn>MMNativeAd.h</DeclaredIn>
            
			
			<NodeRef refid="19"/>
		</Token>
		
		
        
        <Token>
            <TokenIdentifier>//apple_ref/c/econst/MMNativeAdComponentBody</TokenIdentifier>
            <Abstract type="html">The body text component of the ad.</Abstract>
            <Declaration>MMNativeAdComponentBody</Declaration>
            
            <DeclaredIn>MMNativeAd.h</DeclaredIn>
            
            <NodeRef refid="19"/>
        </Token>
        
        <Token>
            <TokenIdentifier>//apple_ref/c/econst/MMNativeAdComponentCallToActionButton</TokenIdentifier>
            <Abstract type="html">The call-to-action component of the ad.</Abstract>
            <Declaration>MMNativeAdComponentCallToActionButton</Declaration>
            
            <DeclaredIn>MMNativeAd.h</DeclaredIn>
            
            <NodeRef refid="19"/>
        </Token>
        
        <Token>
            <TokenIdentifier>//apple_ref/c/econst/MMNativeAdComponentDisclaimer</TokenIdentifier>
            <Abstract type="html">The disclaimer text component of the ad.</Abstract>
            <Declaration>MMNativeAdComponentDisclaimer</Declaration>
            
            <DeclaredIn>MMNativeAd.h</DeclaredIn>
            
            <NodeRef refid="19"/>
        </Token>
        
        <Token>
            <TokenIdentifier>//apple_ref/c/econst/MMNativeAdComponentIconImageView</TokenIdentifier>
            <Abstract type="html">The icon image view component of the ad.</Abstract>
            <Declaration>MMNativeAdComponentIconImageView</Declaration>
            
            <DeclaredIn>MMNativeAd.h</DeclaredIn>
            
            <NodeRef refid="19"/>
        </Token>
        
        <Token>
            <TokenIdentifier>//apple_ref/c/econst/MMNativeAdComponentMainImageView</TokenIdentifier>
            <Abstract type="html">The main image view component of the ad.</Abstract>
            <Declaration>MMNativeAdComponentMainImageView</Declaration>
            
            <DeclaredIn>MMNativeAd.h</DeclaredIn>
            
            <NodeRef refid="19"/>
        </Token>
        
        <Token>
            <TokenIdentifier>//apple_ref/c/econst/MMNativeAdComponentRating</TokenIdentifier>
            <Abstract type="html">The rating component of the ad.</Abstract>
            <Declaration>MMNativeAdComponentRating</Declaration>
            
            <DeclaredIn>MMNativeAd.h</DeclaredIn>
            
            <NodeRef refid="19"/>
        </Token>
        
        <Token>
            <TokenIdentifier>//apple_ref/c/econst/MMNativeAdComponentTitle</TokenIdentifier>
            <Abstract type="html">The title text component of the ad.</Abstract>
            <Declaration>MMNativeAdComponentTitle</Declaration>
            
            <DeclaredIn>MMNativeAd.h</DeclaredIn>
            
            <NodeRef refid="19"/>
        </Token>
        
        
	</File>
</Tokens>