<?xml version="1.0" encoding="UTF-8"?>
<Tokens version="1.0">
	<File path="Classes/MMAppSettings.html">
		
		<Token>
			<TokenIdentifier>//apple_ref/occ/cl/MMAppSettings</TokenIdentifier>
			<Abstract type="html">The object used to configure persistent app-wide settings which are integral for SDK operation.</Abstract>
			<DeclaredIn>MMAppSettings.h</DeclaredIn>
            
			
			<NodeRef refid="2"/>
		</Token>
		
		
		<Token>
			<TokenIdentifier>//apple_ref/occ/instm/MMAppSettings/setSiteId:</TokenIdentifier>
			<Abstract type="html">The siteId of this application.</Abstract>
			<DeclaredIn>MMAppSettings.h</DeclaredIn>
			
			<Declaration>@property (nonatomic, copy, nullable) NSString *siteId</Declaration>
			
			
			<Anchor>//api/name/siteId</Anchor>
            <NodeRef refid="2"/>
		</Token>
		
		<Token>
			<TokenIdentifier>//apple_ref/occ/instm/MMAppSettings/siteId</TokenIdentifier>
			<Abstract type="html">The siteId of this application.</Abstract>
			<DeclaredIn>MMAppSettings.h</DeclaredIn>
			
			<Declaration>@property (nonatomic, copy, nullable) NSString *siteId</Declaration>
			
			
			<Anchor>//api/name/siteId</Anchor>
            <NodeRef refid="2"/>
		</Token>
		
		<Token>
			<TokenIdentifier>//apple_ref/occ/instp/MMAppSettings/siteId</TokenIdentifier>
			<Abstract type="html">The siteId of this application.</Abstract>
			<DeclaredIn>MMAppSettings.h</DeclaredIn>
			
			<Declaration>@property (nonatomic, copy, nullable) NSString *siteId</Declaration>
			
			
			<Anchor>//api/name/siteId</Anchor>
            <NodeRef refid="2"/>
		</Token>
		
		<Token>
			<TokenIdentifier>//apple_ref/occ/instm/MMAppSettings/setMediator:</TokenIdentifier>
			<Abstract type="html">The mediator initializing ad requests. Should only be set by mediation adapters.</Abstract>
			<DeclaredIn>MMAppSettings.h</DeclaredIn>
			
			<Declaration>@property (nonatomic, copy, nullable) NSString *mediator</Declaration>
			
			
			<Anchor>//api/name/mediator</Anchor>
            <NodeRef refid="2"/>
		</Token>
		
		<Token>
			<TokenIdentifier>//apple_ref/occ/instm/MMAppSettings/mediator</TokenIdentifier>
			<Abstract type="html">The mediator initializing ad requests. Should only be set by mediation adapters.</Abstract>
			<DeclaredIn>MMAppSettings.h</DeclaredIn>
			
			<Declaration>@property (nonatomic, copy, nullable) NSString *mediator</Declaration>
			
			
			<Anchor>//api/name/mediator</Anchor>
            <NodeRef refid="2"/>
		</Token>
		
		<Token>
			<TokenIdentifier>//apple_ref/occ/instp/MMAppSettings/mediator</TokenIdentifier>
			<Abstract type="html">The mediator initializing ad requests. Should only be set by mediation adapters.</Abstract>
			<DeclaredIn>MMAppSettings.h</DeclaredIn>
			
			<Declaration>@property (nonatomic, copy, nullable) NSString *mediator</Declaration>
			
			
			<Anchor>//api/name/mediator</Anchor>
            <NodeRef refid="2"/>
		</Token>
		
		<Token>
			<TokenIdentifier>//apple_ref/occ/instm/MMAppSettings/setCoppa:</TokenIdentifier>
			<Abstract type="html">Returns the current state of COPPA (Children&apos;s Online Privacy Protection Act) for the SDK.</Abstract>
			<DeclaredIn>MMAppSettings.h</DeclaredIn>
			
			<Declaration>@property (nonatomic, readonly, nullable) NSString *coppa</Declaration>
			
			
			<Anchor>//api/name/coppa</Anchor>
            <NodeRef refid="2"/>
		</Token>
		
		<Token>
			<TokenIdentifier>//apple_ref/occ/instm/MMAppSettings/coppa</TokenIdentifier>
			<Abstract type="html">Returns the current state of COPPA (Children&apos;s Online Privacy Protection Act) for the SDK.</Abstract>
			<DeclaredIn>MMAppSettings.h</DeclaredIn>
			
			<Declaration>@property (nonatomic, readonly, nullable) NSString *coppa</Declaration>
			
			
			<Anchor>//api/name/coppa</Anchor>
            <NodeRef refid="2"/>
		</Token>
		
		<Token>
			<TokenIdentifier>//apple_ref/occ/instp/MMAppSettings/coppa</TokenIdentifier>
			<Abstract type="html">Returns the current state of COPPA (Children&apos;s Online Privacy Protection Act) for the SDK.</Abstract>
			<DeclaredIn>MMAppSettings.h</DeclaredIn>
			
			<Declaration>@property (nonatomic, readonly, nullable) NSString *coppa</Declaration>
			
			
			<Anchor>//api/name/coppa</Anchor>
            <NodeRef refid="2"/>
		</Token>
		
		<Token>
			<TokenIdentifier>//apple_ref/occ/instm/MMAppSettings/setCoppaCompliance:</TokenIdentifier>
			<Abstract type="html">Set to YES to enforce COPPA (Children&apos;s Online Privacy Protection Act) restrictions on ads returned by the ad server.</Abstract>
			<DeclaredIn>MMAppSettings.h</DeclaredIn>
			
			<Declaration>- (void)setCoppaCompliance:(id)compliance</Declaration>
			
			
			<Anchor>//api/name/setCoppaCompliance:</Anchor>
            <NodeRef refid="2"/>
		</Token>
		
        
        
	</File>
</Tokens>