<?xml version="1.0" encoding="UTF-8"?>
<Tokens version="1.0">
	<File path="Protocols/MMInlineDelegate.html">
		
		<Token>
			<TokenIdentifier>//apple_ref/occ/intf/MMInlineDelegate</TokenIdentifier>
			<Abstract type="html">The delegate of an MMInlineAd object. This delegate provides information about the relevant placement and ad activity
that an application may need to respond to.</Abstract>
			<DeclaredIn>MMInlineAd.h</DeclaredIn>
            
			
			<NodeRef refid="9"/>
		</Token>
		
		
		<Token>
			<TokenIdentifier>//apple_ref/occ/intfm/MMInlineDelegate/viewControllerForPresentingModalView</TokenIdentifier>
			<Abstract type="html">The view controller over which modal content will be displayed.</Abstract>
			<DeclaredIn>MMInlineAd.h</DeclaredIn>
			
			<Declaration>- (UIViewController *)viewControllerForPresentingModalView</Declaration>
			
			<ReturnValue><Abstract type="html">A view controller that is used for presenting modal content.</Abstract></ReturnValue>
			<Anchor>//api/name/viewControllerForPresentingModalView</Anchor>
            <NodeRef refid="9"/>
		</Token>
		
		<Token>
			<TokenIdentifier>//apple_ref/occ/intfm/MMInlineDelegate/inlineAdRequestDidSucceed:</TokenIdentifier>
			<Abstract type="html">Callback indicating that an ad request has succeeded.</Abstract>
			<DeclaredIn>MMInlineAd.h</DeclaredIn>
			
			<Declaration>- (void)inlineAdRequestDidSucceed:(id)ad</Declaration>
			<Parameters>
				<Parameter>
					<Name>ad</Name>
					<Abstract type="html">The ad placement which was successfully requested.</Abstract>
				</Parameter>
			</Parameters>
			
			<Anchor>//api/name/inlineAdRequestDidSucceed:</Anchor>
            <NodeRef refid="9"/>
		</Token>
		
		<Token>
			<TokenIdentifier>//apple_ref/occ/intfm/MMInlineDelegate/inlineAd:requestDidFailWithError:</TokenIdentifier>
			<Abstract type="html">Callback indicating that ad content failed to load or render.</Abstract>
			<DeclaredIn>MMInlineAd.h</DeclaredIn>
			
			<Declaration>- (void)inlineAd:(id)ad requestDidFailWithError:(id)error</Declaration>
			<Parameters>
				<Parameter>
					<Name>ad</Name>
					<Abstract type="html">The ad placement for which the request failed.</Abstract>
				</Parameter><Parameter>
					<Name>error</Name>
					<Abstract type="html">The error indicating the failure.</Abstract>
				</Parameter>
			</Parameters>
			
			<Anchor>//api/name/inlineAd:requestDidFailWithError:</Anchor>
            <NodeRef refid="9"/>
		</Token>
		
		<Token>
			<TokenIdentifier>//apple_ref/occ/intfm/MMInlineDelegate/inlineAdContentTapped:</TokenIdentifier>
			<Abstract type="html">Callback indicating that the user has interacted with ad content.</Abstract>
			<DeclaredIn>MMInlineAd.h</DeclaredIn>
			
			<Declaration>- (void)inlineAdContentTapped:(id)ad</Declaration>
			<Parameters>
				<Parameter>
					<Name>ad</Name>
					<Abstract type="html">The ad placement which was tapped.</Abstract>
				</Parameter>
			</Parameters>
			
			<Anchor>//api/name/inlineAdContentTapped:</Anchor>
            <NodeRef refid="9"/>
		</Token>
		
		<Token>
			<TokenIdentifier>//apple_ref/occ/intfm/MMInlineDelegate/inlineAd:willResizeTo:isClosing:</TokenIdentifier>
			<Abstract type="html">Callback indicating that the ad is preparing to be resized.</Abstract>
			<DeclaredIn>MMInlineAd.h</DeclaredIn>
			
			<Declaration>- (void)inlineAd:(id)ad willResizeTo:(id)frame isClosing:(id)isClosingResize</Declaration>
			<Parameters>
				<Parameter>
					<Name>ad</Name>
					<Abstract type="html">The ad placement.</Abstract>
				</Parameter><Parameter>
					<Name>frame</Name>
					<Abstract type="html">The size and location of the ad placement.</Abstract>
				</Parameter><Parameter>
					<Name>isClosingResize</Name>
					<Abstract type="html">This flag indicates the resize close button was tapped, causing a resize to the default/original size.</Abstract>
				</Parameter>
			</Parameters>
			
			<Anchor>//api/name/inlineAd:willResizeTo:isClosing:</Anchor>
            <NodeRef refid="9"/>
		</Token>
		
		<Token>
			<TokenIdentifier>//apple_ref/occ/intfm/MMInlineDelegate/inlineAd:didResizeTo:isClosing:</TokenIdentifier>
			<Abstract type="html">Callback indicating the ad has finished resizing.</Abstract>
			<DeclaredIn>MMInlineAd.h</DeclaredIn>
			
			<Declaration>- (void)inlineAd:(id)ad didResizeTo:(id)frame isClosing:(id)isClosingResize</Declaration>
			<Parameters>
				<Parameter>
					<Name>ad</Name>
					<Abstract type="html">The ad placement.</Abstract>
				</Parameter><Parameter>
					<Name>frame</Name>
					<Abstract type="html">The size and location of the ad placement.</Abstract>
				</Parameter><Parameter>
					<Name>isClosingResize</Name>
					<Abstract type="html">This flag indicates the resize close button was tapped, causing a resize to the default/original size.</Abstract>
				</Parameter>
			</Parameters>
			
			<Anchor>//api/name/inlineAd:didResizeTo:isClosing:</Anchor>
            <NodeRef refid="9"/>
		</Token>
		
		<Token>
			<TokenIdentifier>//apple_ref/occ/intfm/MMInlineDelegate/inlineAdWillPresentModal:</TokenIdentifier>
			<Abstract type="html">Callback indicating that the ad is preparing to present a modal view.</Abstract>
			<DeclaredIn>MMInlineAd.h</DeclaredIn>
			
			<Declaration>- (void)inlineAdWillPresentModal:(id)ad</Declaration>
			<Parameters>
				<Parameter>
					<Name>ad</Name>
					<Abstract type="html">The ad placement.</Abstract>
				</Parameter>
			</Parameters>
			
			<Anchor>//api/name/inlineAdWillPresentModal:</Anchor>
            <NodeRef refid="9"/>
		</Token>
		
		<Token>
			<TokenIdentifier>//apple_ref/occ/intfm/MMInlineDelegate/inlineAdDidPresentModal:</TokenIdentifier>
			<Abstract type="html">Callback indicating that the ad has presented a modal view.</Abstract>
			<DeclaredIn>MMInlineAd.h</DeclaredIn>
			
			<Declaration>- (void)inlineAdDidPresentModal:(id)ad</Declaration>
			<Parameters>
				<Parameter>
					<Name>ad</Name>
					<Abstract type="html">The ad placement.</Abstract>
				</Parameter>
			</Parameters>
			
			<Anchor>//api/name/inlineAdDidPresentModal:</Anchor>
            <NodeRef refid="9"/>
		</Token>
		
		<Token>
			<TokenIdentifier>//apple_ref/occ/intfm/MMInlineDelegate/inlineAdWillCloseModal:</TokenIdentifier>
			<Abstract type="html">Callback indicating that the ad is preparing to dismiss a modal view.</Abstract>
			<DeclaredIn>MMInlineAd.h</DeclaredIn>
			
			<Declaration>- (void)inlineAdWillCloseModal:(id)ad</Declaration>
			<Parameters>
				<Parameter>
					<Name>ad</Name>
					<Abstract type="html">The ad placement.</Abstract>
				</Parameter>
			</Parameters>
			
			<Anchor>//api/name/inlineAdWillCloseModal:</Anchor>
            <NodeRef refid="9"/>
		</Token>
		
		<Token>
			<TokenIdentifier>//apple_ref/occ/intfm/MMInlineDelegate/inlineAdDidCloseModal:</TokenIdentifier>
			<Abstract type="html">Callback indicating that the ad has dismissed a modal view.</Abstract>
			<DeclaredIn>MMInlineAd.h</DeclaredIn>
			
			<Declaration>- (void)inlineAdDidCloseModal:(id)ad</Declaration>
			<Parameters>
				<Parameter>
					<Name>ad</Name>
					<Abstract type="html">The ad placement.</Abstract>
				</Parameter>
			</Parameters>
			
			<Anchor>//api/name/inlineAdDidCloseModal:</Anchor>
            <NodeRef refid="9"/>
		</Token>
		
		<Token>
			<TokenIdentifier>//apple_ref/occ/intfm/MMInlineDelegate/inlineAdWillLeaveApplication:</TokenIdentifier>
			<Abstract type="html">Callback invoked prior to the application going into the background due to a user interaction with an ad.</Abstract>
			<DeclaredIn>MMInlineAd.h</DeclaredIn>
			
			<Declaration>- (void)inlineAdWillLeaveApplication:(id)ad</Declaration>
			<Parameters>
				<Parameter>
					<Name>ad</Name>
					<Abstract type="html">The ad placement.</Abstract>
				</Parameter>
			</Parameters>
			
			<Anchor>//api/name/inlineAdWillLeaveApplication:</Anchor>
            <NodeRef refid="9"/>
		</Token>
		
		<Token>
			<TokenIdentifier>//apple_ref/occ/intfm/MMInlineDelegate/inlineAdAbortDidSucceed:</TokenIdentifier>
			<Abstract type="html">Callback invoked when an abort for an in-progress request successfully stops processing.</Abstract>
			<DeclaredIn>MMInlineAd.h</DeclaredIn>
			
			<Declaration>- (void)inlineAdAbortDidSucceed:(id)ad</Declaration>
			<Parameters>
				<Parameter>
					<Name>ad</Name>
					<Abstract type="html">The ad placement.</Abstract>
				</Parameter>
			</Parameters>
			
			<Anchor>//api/name/inlineAdAbortDidSucceed:</Anchor>
            <NodeRef refid="9"/>
		</Token>
		
		<Token>
			<TokenIdentifier>//apple_ref/occ/intfm/MMInlineDelegate/inlineAd:abortDidFailWithError:</TokenIdentifier>
			<Abstract type="html">Callback invoked when an abort for an in-progress request fails.</Abstract>
			<DeclaredIn>MMInlineAd.h</DeclaredIn>
			
			<Declaration>- (void)inlineAd:(id)ad abortDidFailWithError:(id)error</Declaration>
			<Parameters>
				<Parameter>
					<Name>ad</Name>
					<Abstract type="html">The ad placement.</Abstract>
				</Parameter><Parameter>
					<Name>error</Name>
					<Abstract type="html">Error indicating the manner in which the abort failed.</Abstract>
				</Parameter>
			</Parameters>
			
			<Anchor>//api/name/inlineAd:abortDidFailWithError:</Anchor>
            <NodeRef refid="9"/>
		</Token>
		
        
        
	</File>
</Tokens>