<?xml version="1.0" encoding="UTF-8"?>
<Tokens version="1.0">
	<File path="Constants/MMEthnicity.html">
		
		<Token>
			<TokenIdentifier>//apple_ref/c/tdef/MMEthnicity</TokenIdentifier>
			<Abstract type="html"></Abstract>
			<DeclaredIn>MMUserSettings.h</DeclaredIn>
            
			
			<NodeRef refid="13"/>
		</Token>
		
		
        
        <Token>
            <TokenIdentifier>//apple_ref/c/econst/MMEthnicityHispanic</TokenIdentifier>
            <Abstract type="html"></Abstract>
            <Declaration>MMEthnicityHispanic</Declaration>
            
            <DeclaredIn>MMUserSettings.h</DeclaredIn>
            
            <NodeRef refid="13"/>
        </Token>
        
        <Token>
            <TokenIdentifier>//apple_ref/c/econst/MMEthnicityBlack</TokenIdentifier>
            <Abstract type="html"></Abstract>
            <Declaration>MMEthnicityBlack</Declaration>
            
            <DeclaredIn>MMUserSettings.h</DeclaredIn>
            
            <NodeRef refid="13"/>
        </Token>
        
        <Token>
            <TokenIdentifier>//apple_ref/c/econst/MMEthnicityAsian</TokenIdentifier>
            <Abstract type="html"></Abstract>
            <Declaration>MMEthnicityAsian</Declaration>
            
            <DeclaredIn>MMUserSettings.h</DeclaredIn>
            
            <NodeRef refid="13"/>
        </Token>
        
        <Token>
            <TokenIdentifier>//apple_ref/c/econst/MMEthnicityIndian</TokenIdentifier>
            <Abstract type="html"></Abstract>
            <Declaration>MMEthnicityIndian</Declaration>
            
            <DeclaredIn>MMUserSettings.h</DeclaredIn>
            
            <NodeRef refid="13"/>
        </Token>
        
        <Token>
            <TokenIdentifier>//apple_ref/c/econst/MMEthnicityMiddleEastern</TokenIdentifier>
            <Abstract type="html"></Abstract>
            <Declaration>MMEthnicityMiddleEastern</Declaration>
            
            <DeclaredIn>MMUserSettings.h</DeclaredIn>
            
            <NodeRef refid="13"/>
        </Token>
        
        <Token>
            <TokenIdentifier>//apple_ref/c/econst/MMEthnicityNativeAmerican</TokenIdentifier>
            <Abstract type="html"></Abstract>
            <Declaration>MMEthnicityNativeAmerican</Declaration>
            
            <DeclaredIn>MMUserSettings.h</DeclaredIn>
            
            <NodeRef refid="13"/>
        </Token>
        
        <Token>
            <TokenIdentifier>//apple_ref/c/econst/MMEthnicityPacificIslander</TokenIdentifier>
            <Abstract type="html"></Abstract>
            <Declaration>MMEthnicityPacificIslander</Declaration>
            
            <DeclaredIn>MMUserSettings.h</DeclaredIn>
            
            <NodeRef refid="13"/>
        </Token>
        
        <Token>
            <TokenIdentifier>//apple_ref/c/econst/MMEthnicityWhite</TokenIdentifier>
            <Abstract type="html"></Abstract>
            <Declaration>MMEthnicityWhite</Declaration>
            
            <DeclaredIn>MMUserSettings.h</DeclaredIn>
            
            <NodeRef refid="13"/>
        </Token>
        
        <Token>
            <TokenIdentifier>//apple_ref/c/econst/MMEthnicityOther</TokenIdentifier>
            <Abstract type="html"></Abstract>
            <Declaration>MMEthnicityOther</Declaration>
            
            <DeclaredIn>MMUserSettings.h</DeclaredIn>
            
            <NodeRef refid="13"/>
        </Token>
        
        
	</File>
</Tokens>