<?xml version="1.0" encoding="UTF-8"?>
<Tokens version="1.0">
	<File path="Classes/MMRequestInfo.html">
		
		<Token>
			<TokenIdentifier>//apple_ref/occ/cl/MMRequestInfo</TokenIdentifier>
			<Abstract type="html">The object used to configure per-request settings. This object should only be constructed if the context in
which your ad placement request is made can be used to imply any additional information useful for targeting.</Abstract>
			<DeclaredIn>MMRequestInfo.h</DeclaredIn>
            
			
			<NodeRef refid="6"/>
		</Token>
		
		
		<Token>
			<TokenIdentifier>//apple_ref/occ/instm/MMRequestInfo/setKeywords:</TokenIdentifier>
			<Abstract type="html">Keywords relevant to this individual request, e.g. [&quot;videotapes&quot;]</Abstract>
			<DeclaredIn>MMRequestInfo.h</DeclaredIn>
			
			<Declaration>@property (nonatomic, copy, nullable) NSArray *keywords</Declaration>
			
			
			<Anchor>//api/name/keywords</Anchor>
            <NodeRef refid="6"/>
		</Token>
		
		<Token>
			<TokenIdentifier>//apple_ref/occ/instm/MMRequestInfo/keywords</TokenIdentifier>
			<Abstract type="html">Keywords relevant to this individual request, e.g. [&quot;videotapes&quot;]</Abstract>
			<DeclaredIn>MMRequestInfo.h</DeclaredIn>
			
			<Declaration>@property (nonatomic, copy, nullable) NSArray *keywords</Declaration>
			
			
			<Anchor>//api/name/keywords</Anchor>
            <NodeRef refid="6"/>
		</Token>
		
		<Token>
			<TokenIdentifier>//apple_ref/occ/instp/MMRequestInfo/keywords</TokenIdentifier>
			<Abstract type="html">Keywords relevant to this individual request, e.g. [&quot;videotapes&quot;]</Abstract>
			<DeclaredIn>MMRequestInfo.h</DeclaredIn>
			
			<Declaration>@property (nonatomic, copy, nullable) NSArray *keywords</Declaration>
			
			
			<Anchor>//api/name/keywords</Anchor>
            <NodeRef refid="6"/>
		</Token>
		
        
        
	</File>
</Tokens>