<?xml version="1.0" encoding="UTF-8"?>
<Tokens version="1.0">
	<File path="Classes/MMSDK.html">
		
		<Token>
			<TokenIdentifier>//apple_ref/occ/cl/MMSDK</TokenIdentifier>
			<Abstract type="html">The MMSDK class is the global singleton used to initialize the SDK state, and manage shared
settings.</Abstract>
			<DeclaredIn>MMSDK.h</DeclaredIn>
            
			
			<NodeRef refid="7"/>
		</Token>
		
		
		<Token>
			<TokenIdentifier>//apple_ref/occ/clm/MMSDK/sharedInstance</TokenIdentifier>
			<Abstract type="html">The shared instance of the Millennial Media SDK.</Abstract>
			<DeclaredIn>MMSDK.h</DeclaredIn>
			
			<Declaration>+ (nonnull instancetype)sharedInstance</Declaration>
			
			<ReturnValue><Abstract type="html">The MMSDK singleton.</Abstract></ReturnValue>
			<Anchor>//api/name/sharedInstance</Anchor>
            <NodeRef refid="7"/>
		</Token>
		
		<Token>
			<TokenIdentifier>//apple_ref/occ/clm/MMSDK/setLogLevel:</TokenIdentifier>
			<Abstract type="html">Sets the console log level for the SDK.</Abstract>
			<DeclaredIn>MMSDK.h</DeclaredIn>
			
			<Declaration>+ (void)setLogLevel:(id)level</Declaration>
			<Parameters>
				<Parameter>
					<Name>level</Name>
					<Abstract type="html">The log level to be set.</Abstract>
				</Parameter>
			</Parameters>
			
			<Anchor>//api/name/setLogLevel:</Anchor>
            <NodeRef refid="7"/>
		</Token>
		
		<Token>
			<TokenIdentifier>//apple_ref/occ/instm/MMSDK/initializeWithSettings:withUserSettings:</TokenIdentifier>
			<Abstract type="html">Initializes the SDK as a whole. This must be called before any ads are requested.</Abstract>
			<DeclaredIn>MMSDK.h</DeclaredIn>
			
			<Declaration>- (void)initializeWithSettings:(id)appSettings withUserSettings:(id)userSettings</Declaration>
			<Parameters>
				<Parameter>
					<Name>appSettings</Name>
					<Abstract type="html">The appSettings object. Optional.</Abstract>
				</Parameter><Parameter>
					<Name>userSettings</Name>
					<Abstract type="html">The userSettings object. Optional.</Abstract>
				</Parameter>
			</Parameters>
			
			<Anchor>//api/name/initializeWithSettings:withUserSettings:</Anchor>
            <NodeRef refid="7"/>
		</Token>
		
		<Token>
			<TokenIdentifier>//apple_ref/occ/instm/MMSDK/version</TokenIdentifier>
			<Abstract type="html">The version of the Millennial Ad SDK.</Abstract>
			<DeclaredIn>MMSDK.h</DeclaredIn>
			
			<Declaration>- (nonnull NSString *)version</Declaration>
			
			<ReturnValue><Abstract type="html">The semantic version of the SDK.</Abstract></ReturnValue>
			<Anchor>//api/name/version</Anchor>
            <NodeRef refid="7"/>
		</Token>
		
		<Token>
			<TokenIdentifier>//apple_ref/occ/instm/MMSDK/setSendLocationIfAvailable:</TokenIdentifier>
			<Abstract type="html">Whether or not to send geolocation information along with each ad request.</Abstract>
			<DeclaredIn>MMSDK.h</DeclaredIn>
			
			<Declaration>@property (nonatomic, assign) BOOL sendLocationIfAvailable</Declaration>
			
			
			<Anchor>//api/name/sendLocationIfAvailable</Anchor>
            <NodeRef refid="7"/>
		</Token>
		
		<Token>
			<TokenIdentifier>//apple_ref/occ/instm/MMSDK/sendLocationIfAvailable</TokenIdentifier>
			<Abstract type="html">Whether or not to send geolocation information along with each ad request.</Abstract>
			<DeclaredIn>MMSDK.h</DeclaredIn>
			
			<Declaration>@property (nonatomic, assign) BOOL sendLocationIfAvailable</Declaration>
			
			
			<Anchor>//api/name/sendLocationIfAvailable</Anchor>
            <NodeRef refid="7"/>
		</Token>
		
		<Token>
			<TokenIdentifier>//apple_ref/occ/instp/MMSDK/sendLocationIfAvailable</TokenIdentifier>
			<Abstract type="html">Whether or not to send geolocation information along with each ad request.</Abstract>
			<DeclaredIn>MMSDK.h</DeclaredIn>
			
			<Declaration>@property (nonatomic, assign) BOOL sendLocationIfAvailable</Declaration>
			
			
			<Anchor>//api/name/sendLocationIfAvailable</Anchor>
            <NodeRef refid="7"/>
		</Token>
		
		<Token>
			<TokenIdentifier>//apple_ref/occ/instm/MMSDK/setLocationManager:</TokenIdentifier>
			<Abstract type="html">The CLLocationManager initialized and started by the Millennial Media SDK when location permission is granted by the
user and sendLocationIfAvailable is set to YES.</Abstract>
			<DeclaredIn>MMSDK.h</DeclaredIn>
			
			<Declaration>@property (nonatomic, readonly, nullable) CLLocationManager *locationManager</Declaration>
			
			
			<Anchor>//api/name/locationManager</Anchor>
            <NodeRef refid="7"/>
		</Token>
		
		<Token>
			<TokenIdentifier>//apple_ref/occ/instm/MMSDK/locationManager</TokenIdentifier>
			<Abstract type="html">The CLLocationManager initialized and started by the Millennial Media SDK when location permission is granted by the
user and sendLocationIfAvailable is set to YES.</Abstract>
			<DeclaredIn>MMSDK.h</DeclaredIn>
			
			<Declaration>@property (nonatomic, readonly, nullable) CLLocationManager *locationManager</Declaration>
			
			
			<Anchor>//api/name/locationManager</Anchor>
            <NodeRef refid="7"/>
		</Token>
		
		<Token>
			<TokenIdentifier>//apple_ref/occ/instp/MMSDK/locationManager</TokenIdentifier>
			<Abstract type="html">The CLLocationManager initialized and started by the Millennial Media SDK when location permission is granted by the
user and sendLocationIfAvailable is set to YES.</Abstract>
			<DeclaredIn>MMSDK.h</DeclaredIn>
			
			<Declaration>@property (nonatomic, readonly, nullable) CLLocationManager *locationManager</Declaration>
			
			
			<Anchor>//api/name/locationManager</Anchor>
            <NodeRef refid="7"/>
		</Token>
		
		<Token>
			<TokenIdentifier>//apple_ref/occ/instm/MMSDK/setIsInitialized:</TokenIdentifier>
			<Abstract type="html">Whether or not the SDK has been initialized. The SDK must be initialized before any ads are requested.</Abstract>
			<DeclaredIn>MMSDK.h</DeclaredIn>
			
			<Declaration>@property (nonatomic, assign, readonly) BOOL isInitialized</Declaration>
			
			
			<Anchor>//api/name/isInitialized</Anchor>
            <NodeRef refid="7"/>
		</Token>
		
		<Token>
			<TokenIdentifier>//apple_ref/occ/instm/MMSDK/isInitialized</TokenIdentifier>
			<Abstract type="html">Whether or not the SDK has been initialized. The SDK must be initialized before any ads are requested.</Abstract>
			<DeclaredIn>MMSDK.h</DeclaredIn>
			
			<Declaration>@property (nonatomic, assign, readonly) BOOL isInitialized</Declaration>
			
			
			<Anchor>//api/name/isInitialized</Anchor>
            <NodeRef refid="7"/>
		</Token>
		
		<Token>
			<TokenIdentifier>//apple_ref/occ/instp/MMSDK/isInitialized</TokenIdentifier>
			<Abstract type="html">Whether or not the SDK has been initialized. The SDK must be initialized before any ads are requested.</Abstract>
			<DeclaredIn>MMSDK.h</DeclaredIn>
			
			<Declaration>@property (nonatomic, assign, readonly) BOOL isInitialized</Declaration>
			
			
			<Anchor>//api/name/isInitialized</Anchor>
            <NodeRef refid="7"/>
		</Token>
		
		<Token>
			<TokenIdentifier>//apple_ref/occ/instm/MMSDK/setAppSettings:</TokenIdentifier>
			<Abstract type="html">The SDK&apos;s global settings for the application. This object must be set when initializing the SDK.</Abstract>
			<DeclaredIn>MMSDK.h</DeclaredIn>
			
			<Declaration>@property (nonatomic, readonly, nullable) MMAppSettings *appSettings</Declaration>
			
			
			<Anchor>//api/name/appSettings</Anchor>
            <NodeRef refid="7"/>
		</Token>
		
		<Token>
			<TokenIdentifier>//apple_ref/occ/instm/MMSDK/appSettings</TokenIdentifier>
			<Abstract type="html">The SDK&apos;s global settings for the application. This object must be set when initializing the SDK.</Abstract>
			<DeclaredIn>MMSDK.h</DeclaredIn>
			
			<Declaration>@property (nonatomic, readonly, nullable) MMAppSettings *appSettings</Declaration>
			
			
			<Anchor>//api/name/appSettings</Anchor>
            <NodeRef refid="7"/>
		</Token>
		
		<Token>
			<TokenIdentifier>//apple_ref/occ/instp/MMSDK/appSettings</TokenIdentifier>
			<Abstract type="html">The SDK&apos;s global settings for the application. This object must be set when initializing the SDK.</Abstract>
			<DeclaredIn>MMSDK.h</DeclaredIn>
			
			<Declaration>@property (nonatomic, readonly, nullable) MMAppSettings *appSettings</Declaration>
			
			
			<Anchor>//api/name/appSettings</Anchor>
            <NodeRef refid="7"/>
		</Token>
		
		<Token>
			<TokenIdentifier>//apple_ref/occ/instm/MMSDK/setUserSettings:</TokenIdentifier>
			<Abstract type="html">The SDK&apos;s user settings object. This can be reset during normal app operations and does not have to be provided
at the time of initialization.</Abstract>
			<DeclaredIn>MMSDK.h</DeclaredIn>
			
			<Declaration>@property (nonatomic, readwrite, nullable) MMUserSettings *userSettings</Declaration>
			
			
			<Anchor>//api/name/userSettings</Anchor>
            <NodeRef refid="7"/>
		</Token>
		
		<Token>
			<TokenIdentifier>//apple_ref/occ/instm/MMSDK/userSettings</TokenIdentifier>
			<Abstract type="html">The SDK&apos;s user settings object. This can be reset during normal app operations and does not have to be provided
at the time of initialization.</Abstract>
			<DeclaredIn>MMSDK.h</DeclaredIn>
			
			<Declaration>@property (nonatomic, readwrite, nullable) MMUserSettings *userSettings</Declaration>
			
			
			<Anchor>//api/name/userSettings</Anchor>
            <NodeRef refid="7"/>
		</Token>
		
		<Token>
			<TokenIdentifier>//apple_ref/occ/instp/MMSDK/userSettings</TokenIdentifier>
			<Abstract type="html">The SDK&apos;s user settings object. This can be reset during normal app operations and does not have to be provided
at the time of initialization.</Abstract>
			<DeclaredIn>MMSDK.h</DeclaredIn>
			
			<Declaration>@property (nonatomic, readwrite, nullable) MMUserSettings *userSettings</Declaration>
			
			
			<Anchor>//api/name/userSettings</Anchor>
            <NodeRef refid="7"/>
		</Token>
		
		<Token>
			<TokenIdentifier>//apple_ref/occ/clm/MMSDK/mediatorNamed:</TokenIdentifier>
			<Abstract type="html">Gets a client mediator with the specified name.</Abstract>
			<DeclaredIn>MMSDK+ClientMediation.h</DeclaredIn>
			
			<Declaration>+ (id&lt;MMClientMediator&gt;)mediatorNamed:(id)name</Declaration>
			<Parameters>
				<Parameter>
					<Name>name</Name>
					<Abstract type="html">The name of the mediator to retrieve. This is provided in the playlist by the gateway/endpoint.</Abstract>
				</Parameter>
			</Parameters>
			<ReturnValue><Abstract type="html">An object which represents the mediation interface to the client SDK.</Abstract></ReturnValue>
			<Anchor>//api/name/mediatorNamed:</Anchor>
            <NodeRef refid="7"/>
		</Token>
		
		<Token>
			<TokenIdentifier>//apple_ref/occ/clm/MMSDK/registerMediator:named:</TokenIdentifier>
			<Abstract type="html">Registers a client mediator object with the system.</Abstract>
			<DeclaredIn>MMSDK+ClientMediation.h</DeclaredIn>
			
			<Declaration>+ (void)registerMediator:(id)mediator named:(id)mediatorName</Declaration>
			<Parameters>
				<Parameter>
					<Name>mediator</Name>
					<Abstract type="html">The mediator object to use. This object is responsible for managing the interations between the
Millennial SDK and the client SDK.</Abstract>
				</Parameter><Parameter>
					<Name>mediatorName</Name>
					<Abstract type="html">The name of the mediator. This will be a value that is provided by Millennial Media, and is used
internally as a return value from the request gateway/endpoint to identify this client mediation
interface.</Abstract>
				</Parameter>
			</Parameters>
			
			<Anchor>//api/name/registerMediator:named:</Anchor>
            <NodeRef refid="7"/>
		</Token>
		
		<Token>
			<TokenIdentifier>//apple_ref/occ/instm/MMSDK/registerPlugin:version:</TokenIdentifier>
			<Abstract type="html">Registers the specified plugin as available to the SDK to fulfill ad requests. This should only be called
as part of a plugin&apos;s +load method or during another type of automatic plugin initialization. The SDK is not
required to be initialized before registering a plugin.</Abstract>
			<DeclaredIn>MMSDK+Plugins.h</DeclaredIn>
			
			<Declaration>- (void)registerPlugin:(id)pluginName version:(id)version</Declaration>
			<Parameters>
				<Parameter>
					<Name>pluginName</Name>
					<Abstract type="html">The registered name of the plugin.</Abstract>
				</Parameter><Parameter>
					<Name>version</Name>
					<Abstract type="html">The semantic version of the plugin.</Abstract>
				</Parameter>
			</Parameters>
			
			<Anchor>//api/name/registerPlugin:version:</Anchor>
            <NodeRef refid="7"/>
		</Token>
		
		<Token>
			<TokenIdentifier>//apple_ref/occ/instm/MMSDK/setPlugins:</TokenIdentifier>
			<Abstract type="html">The full set of registered plugins, as name: version key/value pairs.</Abstract>
			<DeclaredIn>MMSDK+Plugins.h</DeclaredIn>
			
			<Declaration>@property (nonatomic, readonly) NSDictionary *plugins</Declaration>
			
			
			<Anchor>//api/name/plugins</Anchor>
            <NodeRef refid="7"/>
		</Token>
		
		<Token>
			<TokenIdentifier>//apple_ref/occ/instm/MMSDK/plugins</TokenIdentifier>
			<Abstract type="html">The full set of registered plugins, as name: version key/value pairs.</Abstract>
			<DeclaredIn>MMSDK+Plugins.h</DeclaredIn>
			
			<Declaration>@property (nonatomic, readonly) NSDictionary *plugins</Declaration>
			
			
			<Anchor>//api/name/plugins</Anchor>
            <NodeRef refid="7"/>
		</Token>
		
		<Token>
			<TokenIdentifier>//apple_ref/occ/instp/MMSDK/plugins</TokenIdentifier>
			<Abstract type="html">The full set of registered plugins, as name: version key/value pairs.</Abstract>
			<DeclaredIn>MMSDK+Plugins.h</DeclaredIn>
			
			<Declaration>@property (nonatomic, readonly) NSDictionary *plugins</Declaration>
			
			
			<Anchor>//api/name/plugins</Anchor>
            <NodeRef refid="7"/>
		</Token>
		
        
        
	</File>
</Tokens>