<?xml version="1.0" encoding="UTF-8"?>
<Tokens version="1.0">
	<File path="Protocols/MMNativeAdDelegate.html">
		
		<Token>
			<TokenIdentifier>//apple_ref/occ/intf/MMNativeAdDelegate</TokenIdentifier>
			<Abstract type="html"></Abstract>
			<DeclaredIn>MMNativeAd.h</DeclaredIn>
            
			
			<NodeRef refid="11"/>
		</Token>
		
		
		<Token>
			<TokenIdentifier>//apple_ref/occ/intfm/MMNativeAdDelegate/viewControllerForPresentingModalView</TokenIdentifier>
			<Abstract type="html">The view controller from which views such as landing pages, App Store screens, or other modal views will be presented.</Abstract>
			<DeclaredIn>MMNativeAd.h</DeclaredIn>
			
			<Declaration>- (UIViewController *)viewControllerForPresentingModalView</Declaration>
			
			<ReturnValue><Abstract type="html">The view controller used to present modal views.</Abstract></ReturnValue>
			<Anchor>//api/name/viewControllerForPresentingModalView</Anchor>
            <NodeRef refid="11"/>
		</Token>
		
		<Token>
			<TokenIdentifier>//apple_ref/occ/intfm/MMNativeAdDelegate/nativeAdRequestDidSucceed:</TokenIdentifier>
			<Abstract type="html">Callback fired when a native ad request succeeds, and all parameters are ready for access.</Abstract>
			<DeclaredIn>MMNativeAd.h</DeclaredIn>
			
			<Declaration>- (void)nativeAdRequestDidSucceed:(id)ad</Declaration>
			<Parameters>
				<Parameter>
					<Name>ad</Name>
					<Abstract type="html">The native ad placement which was successfully requested.</Abstract>
				</Parameter>
			</Parameters>
			
			<Anchor>//api/name/nativeAdRequestDidSucceed:</Anchor>
            <NodeRef refid="11"/>
		</Token>
		
		<Token>
			<TokenIdentifier>//apple_ref/occ/intfm/MMNativeAdDelegate/nativeAd:requestDidFailWithError:</TokenIdentifier>
			<Abstract type="html">Callback indicating that ad content failed to load or render.</Abstract>
			<DeclaredIn>MMNativeAd.h</DeclaredIn>
			
			<Declaration>- (void)nativeAd:(id)ad requestDidFailWithError:(id)error</Declaration>
			<Parameters>
				<Parameter>
					<Name>ad</Name>
					<Abstract type="html">The native ad placement for which the request failed.</Abstract>
				</Parameter><Parameter>
					<Name>error</Name>
					<Abstract type="html">The error indicating the failure.</Abstract>
				</Parameter>
			</Parameters>
			
			<Anchor>//api/name/nativeAd:requestDidFailWithError:</Anchor>
            <NodeRef refid="11"/>
		</Token>
		
		<Token>
			<TokenIdentifier>//apple_ref/occ/intfm/MMNativeAdDelegate/nativeAd:tappedComponent:instance:</TokenIdentifier>
			<Abstract type="html">Callback indicating that the user has interacted with ad content.</Abstract>
			<DeclaredIn>MMNativeAd.h</DeclaredIn>
			
			<Declaration>- (void)nativeAd:(id)ad tappedComponent:(id)nativeAdComponent instance:(id)instance</Declaration>
			<Parameters>
				<Parameter>
					<Name>ad</Name>
					<Abstract type="html">The ad placement which was tapped.</Abstract>
				</Parameter><Parameter>
					<Name>nativeAdComponent</Name>
					<Abstract type="html">The MMNativeAdComponent which was tapped.</Abstract>
				</Parameter><Parameter>
					<Name>instance</Name>
					<Abstract type="html">The instance of the component which was tapped.</Abstract>
				</Parameter>
			</Parameters>
			
			<Anchor>//api/name/nativeAd:tappedComponent:instance:</Anchor>
            <NodeRef refid="11"/>
		</Token>
		
		<Token>
			<TokenIdentifier>//apple_ref/occ/intfm/MMNativeAdDelegate/nativeAdWillLeaveApplication:</TokenIdentifier>
			<Abstract type="html">Callback invoked prior to the application going into the background due to a user interaction with an ad.</Abstract>
			<DeclaredIn>MMNativeAd.h</DeclaredIn>
			
			<Declaration>- (void)nativeAdWillLeaveApplication:(id)ad</Declaration>
			<Parameters>
				<Parameter>
					<Name>ad</Name>
					<Abstract type="html">The ad placement.</Abstract>
				</Parameter>
			</Parameters>
			
			<Anchor>//api/name/nativeAdWillLeaveApplication:</Anchor>
            <NodeRef refid="11"/>
		</Token>
		
		<Token>
			<TokenIdentifier>//apple_ref/occ/intfm/MMNativeAdDelegate/nativeAdDidExpire:</TokenIdentifier>
			<Abstract type="html">Callback fired when an ad expires.</Abstract>
			<DeclaredIn>MMNativeAd.h</DeclaredIn>
			
			<Declaration>- (void)nativeAdDidExpire:(id)ad</Declaration>
			<Parameters>
				<Parameter>
					<Name>ad</Name>
					<Abstract type="html">The ad placement which expired.</Abstract>
				</Parameter>
			</Parameters>
			
			<Anchor>//api/name/nativeAdDidExpire:</Anchor>
            <NodeRef refid="11"/>
		</Token>
		
        
        
	</File>
</Tokens>