<?xml version="1.0" encoding="UTF-8"?>
<Tokens version="1.0">
	<File path="Constants/MMMaritalStatus.html">
		
		<Token>
			<TokenIdentifier>//apple_ref/c/tdef/MMMaritalStatus</TokenIdentifier>
			<Abstract type="html"></Abstract>
			<DeclaredIn>MMUserSettings.h</DeclaredIn>
            
			
			<NodeRef refid="18"/>
		</Token>
		
		
        
        <Token>
            <TokenIdentifier>//apple_ref/c/econst/MMMaritalSingle</TokenIdentifier>
            <Abstract type="html"></Abstract>
            <Declaration>MMMaritalSingle</Declaration>
            
            <DeclaredIn>MMUserSettings.h</DeclaredIn>
            
            <NodeRef refid="18"/>
        </Token>
        
        <Token>
            <TokenIdentifier>//apple_ref/c/econst/MMMaritalMarried</TokenIdentifier>
            <Abstract type="html"></Abstract>
            <Declaration>MMMaritalMarried</Declaration>
            
            <DeclaredIn>MMUserSettings.h</DeclaredIn>
            
            <NodeRef refid="18"/>
        </Token>
        
        <Token>
            <TokenIdentifier>//apple_ref/c/econst/MMMaritalDivorced</TokenIdentifier>
            <Abstract type="html"></Abstract>
            <Declaration>MMMaritalDivorced</Declaration>
            
            <DeclaredIn>MMUserSettings.h</DeclaredIn>
            
            <NodeRef refid="18"/>
        </Token>
        
        <Token>
            <TokenIdentifier>//apple_ref/c/econst/MMMaritalOther</TokenIdentifier>
            <Abstract type="html"></Abstract>
            <Declaration>MMMaritalOther</Declaration>
            
            <DeclaredIn>MMUserSettings.h</DeclaredIn>
            
            <NodeRef refid="18"/>
        </Token>
        
        
	</File>
</Tokens>