<?xml version="1.0" encoding="UTF-8"?>
<Tokens version="1.0">
	<File path="Classes/MMInterstitialAd.html">
		
		<Token>
			<TokenIdentifier>//apple_ref/occ/cl/MMInterstitialAd</TokenIdentifier>
			<Abstract type="html">The MMInterstitialAd class represents an &quot;interstitial&quot; advertisment. Interstitial ads are displayed on their
own, as full-screen content presented modally.</Abstract>
			<DeclaredIn>MMInterstitialAd.h</DeclaredIn>
            
			
			<NodeRef refid="4"/>
		</Token>
		
		
		<Token>
			<TokenIdentifier>//apple_ref/occ/instm/MMInterstitialAd/setDelegate:</TokenIdentifier>
			<Abstract type="html">The interstitial&apos;s delegate.</Abstract>
			<DeclaredIn>MMInterstitialAd.h</DeclaredIn>
			
			<Declaration>@property (nonatomic, weak, nullable) id&lt;MMInterstitialDelegate&gt; delegate</Declaration>
			
			
			<Anchor>//api/name/delegate</Anchor>
            <NodeRef refid="4"/>
		</Token>
		
		<Token>
			<TokenIdentifier>//apple_ref/occ/instm/MMInterstitialAd/delegate</TokenIdentifier>
			<Abstract type="html">The interstitial&apos;s delegate.</Abstract>
			<DeclaredIn>MMInterstitialAd.h</DeclaredIn>
			
			<Declaration>@property (nonatomic, weak, nullable) id&lt;MMInterstitialDelegate&gt; delegate</Declaration>
			
			
			<Anchor>//api/name/delegate</Anchor>
            <NodeRef refid="4"/>
		</Token>
		
		<Token>
			<TokenIdentifier>//apple_ref/occ/instp/MMInterstitialAd/delegate</TokenIdentifier>
			<Abstract type="html">The interstitial&apos;s delegate.</Abstract>
			<DeclaredIn>MMInterstitialAd.h</DeclaredIn>
			
			<Declaration>@property (nonatomic, weak, nullable) id&lt;MMInterstitialDelegate&gt; delegate</Declaration>
			
			
			<Anchor>//api/name/delegate</Anchor>
            <NodeRef refid="4"/>
		</Token>
		
		<Token>
			<TokenIdentifier>//apple_ref/occ/instm/MMInterstitialAd/setReady:</TokenIdentifier>
			<Abstract type="html">Returns YES if the placement has loaded enough data to display the interstitial and NO
otherwise.</Abstract>
			<DeclaredIn>MMInterstitialAd.h</DeclaredIn>
			
			<Declaration>@property (readonly, nonatomic) BOOL ready</Declaration>
			
			
			<Anchor>//api/name/ready</Anchor>
            <NodeRef refid="4"/>
		</Token>
		
		<Token>
			<TokenIdentifier>//apple_ref/occ/instm/MMInterstitialAd/ready</TokenIdentifier>
			<Abstract type="html">Returns YES if the placement has loaded enough data to display the interstitial and NO
otherwise.</Abstract>
			<DeclaredIn>MMInterstitialAd.h</DeclaredIn>
			
			<Declaration>@property (readonly, nonatomic) BOOL ready</Declaration>
			
			
			<Anchor>//api/name/ready</Anchor>
            <NodeRef refid="4"/>
		</Token>
		
		<Token>
			<TokenIdentifier>//apple_ref/occ/instp/MMInterstitialAd/ready</TokenIdentifier>
			<Abstract type="html">Returns YES if the placement has loaded enough data to display the interstitial and NO
otherwise.</Abstract>
			<DeclaredIn>MMInterstitialAd.h</DeclaredIn>
			
			<Declaration>@property (readonly, nonatomic) BOOL ready</Declaration>
			
			
			<Anchor>//api/name/ready</Anchor>
            <NodeRef refid="4"/>
		</Token>
		
		<Token>
			<TokenIdentifier>//apple_ref/occ/instm/MMInterstitialAd/setExpired:</TokenIdentifier>
			<Abstract type="html">Returns YES if the current creative is too old to be displayed and NO otherwise.</Abstract>
			<DeclaredIn>MMInterstitialAd.h</DeclaredIn>
			
			<Declaration>@property (readonly, nonatomic) BOOL expired</Declaration>
			
			
			<Anchor>//api/name/expired</Anchor>
            <NodeRef refid="4"/>
		</Token>
		
		<Token>
			<TokenIdentifier>//apple_ref/occ/instm/MMInterstitialAd/expired</TokenIdentifier>
			<Abstract type="html">Returns YES if the current creative is too old to be displayed and NO otherwise.</Abstract>
			<DeclaredIn>MMInterstitialAd.h</DeclaredIn>
			
			<Declaration>@property (readonly, nonatomic) BOOL expired</Declaration>
			
			
			<Anchor>//api/name/expired</Anchor>
            <NodeRef refid="4"/>
		</Token>
		
		<Token>
			<TokenIdentifier>//apple_ref/occ/instp/MMInterstitialAd/expired</TokenIdentifier>
			<Abstract type="html">Returns YES if the current creative is too old to be displayed and NO otherwise.</Abstract>
			<DeclaredIn>MMInterstitialAd.h</DeclaredIn>
			
			<Declaration>@property (readonly, nonatomic) BOOL expired</Declaration>
			
			
			<Anchor>//api/name/expired</Anchor>
            <NodeRef refid="4"/>
		</Token>
		
		<Token>
			<TokenIdentifier>//apple_ref/occ/instm/MMInterstitialAd/setModalTransitionStyle:</TokenIdentifier>
			<Abstract type="html">The transition style for modal presentation of the interstitial.</Abstract>
			<DeclaredIn>MMInterstitialAd.h</DeclaredIn>
			
			<Declaration>@property (assign, nonatomic) UIModalTransitionStyle modalTransitionStyle</Declaration>
			
			
			<Anchor>//api/name/modalTransitionStyle</Anchor>
            <NodeRef refid="4"/>
		</Token>
		
		<Token>
			<TokenIdentifier>//apple_ref/occ/instm/MMInterstitialAd/modalTransitionStyle</TokenIdentifier>
			<Abstract type="html">The transition style for modal presentation of the interstitial.</Abstract>
			<DeclaredIn>MMInterstitialAd.h</DeclaredIn>
			
			<Declaration>@property (assign, nonatomic) UIModalTransitionStyle modalTransitionStyle</Declaration>
			
			
			<Anchor>//api/name/modalTransitionStyle</Anchor>
            <NodeRef refid="4"/>
		</Token>
		
		<Token>
			<TokenIdentifier>//apple_ref/occ/instp/MMInterstitialAd/modalTransitionStyle</TokenIdentifier>
			<Abstract type="html">The transition style for modal presentation of the interstitial.</Abstract>
			<DeclaredIn>MMInterstitialAd.h</DeclaredIn>
			
			<Declaration>@property (assign, nonatomic) UIModalTransitionStyle modalTransitionStyle</Declaration>
			
			
			<Anchor>//api/name/modalTransitionStyle</Anchor>
            <NodeRef refid="4"/>
		</Token>
		
		<Token>
			<TokenIdentifier>//apple_ref/occ/instm/MMInterstitialAd/load:</TokenIdentifier>
			<Abstract type="html">Asynchronously load interstitial content. This both retrieves the interstitial and loads its content offscreen.</Abstract>
			<DeclaredIn>MMInterstitialAd.h</DeclaredIn>
			
			<Declaration>- (void)load:(id)requestInfo</Declaration>
			<Parameters>
				<Parameter>
					<Name>requestInfo</Name>
					<Abstract type="html">Additional targeting information relevant to this individual request.</Abstract>
				</Parameter>
			</Parameters>
			
			<Anchor>//api/name/load:</Anchor>
            <NodeRef refid="4"/>
		</Token>
		
		<Token>
			<TokenIdentifier>//apple_ref/occ/instm/MMInterstitialAd/showFromViewController:</TokenIdentifier>
			<Abstract type="html">Displays the interstitial ad.</Abstract>
			<DeclaredIn>MMInterstitialAd.h</DeclaredIn>
			
			<Declaration>- (void)showFromViewController:(id)controller</Declaration>
			<Parameters>
				<Parameter>
					<Name>controller</Name>
					<Abstract type="html">The view controller from which the interstitial will be presented.</Abstract>
				</Parameter>
			</Parameters>
			
			<Anchor>//api/name/showFromViewController:</Anchor>
            <NodeRef refid="4"/>
		</Token>
		
        
        
	</File>
</Tokens>