<?xml version="1.0" encoding="UTF-8"?>
<Tokens version="1.0">
	<File path="Protocols/MMInterstitialDelegate.html">
		
		<Token>
			<TokenIdentifier>//apple_ref/occ/intf/MMInterstitialDelegate</TokenIdentifier>
			<Abstract type="html">The delegate of an MMInterstitial object. This delegate is responsible for notifications involving the ad which are
independent of advertiser-supplied interactions with the content that may be of interest to the developer.</Abstract>
			<DeclaredIn>MMInterstitialAd.h</DeclaredIn>
            
			
			<NodeRef refid="10"/>
		</Token>
		
		
		<Token>
			<TokenIdentifier>//apple_ref/occ/intfm/MMInterstitialDelegate/interstitialAdLoadDidSucceed:</TokenIdentifier>
			<Abstract type="html">Callback fired when an ad load (request and content processing) succeeds.</Abstract>
			<DeclaredIn>MMInterstitialAd.h</DeclaredIn>
			
			<Declaration>- (void)interstitialAdLoadDidSucceed:(id)ad</Declaration>
			<Parameters>
				<Parameter>
					<Name>ad</Name>
					<Abstract type="html">The ad placement which was successfully requested.</Abstract>
				</Parameter>
			</Parameters>
			
			<Anchor>//api/name/interstitialAdLoadDidSucceed:</Anchor>
            <NodeRef refid="10"/>
		</Token>
		
		<Token>
			<TokenIdentifier>//apple_ref/occ/intfm/MMInterstitialDelegate/interstitialAd:loadDidFailWithError:</TokenIdentifier>
			<Abstract type="html">Callback fired when an ad load fails. The failure can be caused by failure to either retrieve or parse
ad content.</Abstract>
			<DeclaredIn>MMInterstitialAd.h</DeclaredIn>
			
			<Declaration>- (void)interstitialAd:(id)ad loadDidFailWithError:(id)error</Declaration>
			<Parameters>
				<Parameter>
					<Name>ad</Name>
					<Abstract type="html">The ad placement for which the request failed.</Abstract>
				</Parameter><Parameter>
					<Name>error</Name>
					<Abstract type="html">The error indicating the failure.</Abstract>
				</Parameter>
			</Parameters>
			
			<Anchor>//api/name/interstitialAd:loadDidFailWithError:</Anchor>
            <NodeRef refid="10"/>
		</Token>
		
		<Token>
			<TokenIdentifier>//apple_ref/occ/intfm/MMInterstitialDelegate/interstitialAdWillDisplay:</TokenIdentifier>
			<Abstract type="html">Callback fired when an interstitial will be displayed, but before the display action begins.
Note that the ad could still fail to display at this point.</Abstract>
			<DeclaredIn>MMInterstitialAd.h</DeclaredIn>
			
			<Declaration>- (void)interstitialAdWillDisplay:(id)ad</Declaration>
			<Parameters>
				<Parameter>
					<Name>ad</Name>
					<Abstract type="html">The interstitial which will display.</Abstract>
				</Parameter>
			</Parameters>
			
			<Anchor>//api/name/interstitialAdWillDisplay:</Anchor>
            <NodeRef refid="10"/>
		</Token>
		
		<Token>
			<TokenIdentifier>//apple_ref/occ/intfm/MMInterstitialDelegate/interstitialAdDidDisplay:</TokenIdentifier>
			<Abstract type="html">Callback fired when the interstitial is displayed.</Abstract>
			<DeclaredIn>MMInterstitialAd.h</DeclaredIn>
			
			<Declaration>- (void)interstitialAdDidDisplay:(id)ad</Declaration>
			<Parameters>
				<Parameter>
					<Name>ad</Name>
					<Abstract type="html">The interstitial which is displayed.</Abstract>
				</Parameter>
			</Parameters>
			
			<Anchor>//api/name/interstitialAdDidDisplay:</Anchor>
            <NodeRef refid="10"/>
		</Token>
		
		<Token>
			<TokenIdentifier>//apple_ref/occ/intfm/MMInterstitialDelegate/interstitialAd:showDidFailWithError:</TokenIdentifier>
			<Abstract type="html">Callback fired when an attempt to show the interstitial fails.</Abstract>
			<DeclaredIn>MMInterstitialAd.h</DeclaredIn>
			
			<Declaration>- (void)interstitialAd:(id)ad showDidFailWithError:(id)error</Declaration>
			<Parameters>
				<Parameter>
					<Name>ad</Name>
					<Abstract type="html">The interstitial which failed to show.</Abstract>
				</Parameter><Parameter>
					<Name>error</Name>
					<Abstract type="html">The error indicating the failure.</Abstract>
				</Parameter>
			</Parameters>
			
			<Anchor>//api/name/interstitialAd:showDidFailWithError:</Anchor>
            <NodeRef refid="10"/>
		</Token>
		
		<Token>
			<TokenIdentifier>//apple_ref/occ/intfm/MMInterstitialDelegate/interstitialAdWillDismiss:</TokenIdentifier>
			<Abstract type="html">Callback fired when an interstitial will be dismissed, but before the dismiss action begins.</Abstract>
			<DeclaredIn>MMInterstitialAd.h</DeclaredIn>
			
			<Declaration>- (void)interstitialAdWillDismiss:(id)ad</Declaration>
			<Parameters>
				<Parameter>
					<Name>ad</Name>
					<Abstract type="html">The interstitial which will be dismissed.</Abstract>
				</Parameter>
			</Parameters>
			
			<Anchor>//api/name/interstitialAdWillDismiss:</Anchor>
            <NodeRef refid="10"/>
		</Token>
		
		<Token>
			<TokenIdentifier>//apple_ref/occ/intfm/MMInterstitialDelegate/interstitialAdDidDismiss:</TokenIdentifier>
			<Abstract type="html">Callback fired when the interstitial is dismissed.</Abstract>
			<DeclaredIn>MMInterstitialAd.h</DeclaredIn>
			
			<Declaration>- (void)interstitialAdDidDismiss:(id)ad</Declaration>
			<Parameters>
				<Parameter>
					<Name>ad</Name>
					<Abstract type="html">The interstitial which was dismissed.</Abstract>
				</Parameter>
			</Parameters>
			
			<Anchor>//api/name/interstitialAdDidDismiss:</Anchor>
            <NodeRef refid="10"/>
		</Token>
		
		<Token>
			<TokenIdentifier>//apple_ref/occ/intfm/MMInterstitialDelegate/interstitialAdDidExpire:</TokenIdentifier>
			<Abstract type="html">Callback fired when the ad expires.</Abstract>
			<DeclaredIn>MMInterstitialAd.h</DeclaredIn>
			
			<Declaration>- (void)interstitialAdDidExpire:(id)ad</Declaration>
			<Parameters>
				<Parameter>
					<Name>ad</Name>
					<Abstract type="html">The ad placement which expired.</Abstract>
				</Parameter>
			</Parameters>
			
			<Anchor>//api/name/interstitialAdDidExpire:</Anchor>
            <NodeRef refid="10"/>
		</Token>
		
		<Token>
			<TokenIdentifier>//apple_ref/occ/intfm/MMInterstitialDelegate/interstitialAdTapped:</TokenIdentifier>
			<Abstract type="html">Callback fired when the ad is tapped.</Abstract>
			<DeclaredIn>MMInterstitialAd.h</DeclaredIn>
			
			<Declaration>- (void)interstitialAdTapped:(id)ad</Declaration>
			<Parameters>
				<Parameter>
					<Name>ad</Name>
					<Abstract type="html">The ad placement which was tapped.</Abstract>
				</Parameter>
			</Parameters>
			
			<Anchor>//api/name/interstitialAdTapped:</Anchor>
            <NodeRef refid="10"/>
		</Token>
		
		<Token>
			<TokenIdentifier>//apple_ref/occ/intfm/MMInterstitialDelegate/interstitialAdWillLeaveApplication:</TokenIdentifier>
			<Abstract type="html">Callback invoked prior to the application going into the background due to a user interaction with an ad.</Abstract>
			<DeclaredIn>MMInterstitialAd.h</DeclaredIn>
			
			<Declaration>- (void)interstitialAdWillLeaveApplication:(id)ad</Declaration>
			<Parameters>
				<Parameter>
					<Name>ad</Name>
					<Abstract type="html">The ad placement.</Abstract>
				</Parameter>
			</Parameters>
			
			<Anchor>//api/name/interstitialAdWillLeaveApplication:</Anchor>
            <NodeRef refid="10"/>
		</Token>
		
        
        
	</File>
</Tokens>