<?xml version="1.0" encoding="UTF-8"?>
<Tokens version="1.0">
	<File path="Constants/MMEducation.html">
		
		<Token>
			<TokenIdentifier>//apple_ref/c/tdef/MMEducation</TokenIdentifier>
			<Abstract type="html"></Abstract>
			<DeclaredIn>MMUserSettings.h</DeclaredIn>
            
			
			<NodeRef refid="12"/>
		</Token>
		
		
        
        <Token>
            <TokenIdentifier>//apple_ref/c/econst/MMEducationHighSchool</TokenIdentifier>
            <Abstract type="html"></Abstract>
            <Declaration>MMEducationHighSchool</Declaration>
            
            <DeclaredIn>MMUserSettings.h</DeclaredIn>
            
            <NodeRef refid="12"/>
        </Token>
        
        <Token>
            <TokenIdentifier>//apple_ref/c/econst/MMEducationSomeCollege</TokenIdentifier>
            <Abstract type="html"></Abstract>
            <Declaration>MMEducationSomeCollege</Declaration>
            
            <DeclaredIn>MMUserSettings.h</DeclaredIn>
            
            <NodeRef refid="12"/>
        </Token>
        
        <Token>
            <TokenIdentifier>//apple_ref/c/econst/MMEducationAssociates</TokenIdentifier>
            <Abstract type="html"></Abstract>
            <Declaration>MMEducationAssociates</Declaration>
            
            <DeclaredIn>MMUserSettings.h</DeclaredIn>
            
            <NodeRef refid="12"/>
        </Token>
        
        <Token>
            <TokenIdentifier>//apple_ref/c/econst/MMEducationBachelors</TokenIdentifier>
            <Abstract type="html"></Abstract>
            <Declaration>MMEducationBachelors</Declaration>
            
            <DeclaredIn>MMUserSettings.h</DeclaredIn>
            
            <NodeRef refid="12"/>
        </Token>
        
        <Token>
            <TokenIdentifier>//apple_ref/c/econst/MMEducationMasters</TokenIdentifier>
            <Abstract type="html"></Abstract>
            <Declaration>MMEducationMasters</Declaration>
            
            <DeclaredIn>MMUserSettings.h</DeclaredIn>
            
            <NodeRef refid="12"/>
        </Token>
        
        <Token>
            <TokenIdentifier>//apple_ref/c/econst/MMEducationDoctorate</TokenIdentifier>
            <Abstract type="html"></Abstract>
            <Declaration>MMEducationDoctorate</Declaration>
            
            <DeclaredIn>MMUserSettings.h</DeclaredIn>
            
            <NodeRef refid="12"/>
        </Token>
        
        <Token>
            <TokenIdentifier>//apple_ref/c/econst/MMEducationProfessional</TokenIdentifier>
            <Abstract type="html"></Abstract>
            <Declaration>MMEducationProfessional</Declaration>
            
            <DeclaredIn>MMUserSettings.h</DeclaredIn>
            
            <NodeRef refid="12"/>
        </Token>
        
        
	</File>
</Tokens>