<?xml version="1.0" encoding="UTF-8"?>
<Tokens version="1.0">
	<File path="Classes/MMInlineAd.html">
		
		<Token>
			<TokenIdentifier>//apple_ref/occ/cl/MMInlineAd</TokenIdentifier>
			<Abstract type="html">The class representing an &quot;inline&quot; advertisment. Inline ads consist of ads which are meant to be displayed
alongside other, native content, such as banners or other inserted views.</Abstract>
			<DeclaredIn>MMInlineAd.h</DeclaredIn>
            
			
			<NodeRef refid="3"/>
		</Token>
		
		
		<Token>
			<TokenIdentifier>//apple_ref/occ/instm/MMInlineAd/initWithPlacementId:adSize:</TokenIdentifier>
			<Abstract type="html">Initializes an inline placement.</Abstract>
			<DeclaredIn>MMInlineAd.h</DeclaredIn>
			
			<Declaration>- (nullable instancetype)initWithPlacementId:(id)placementId adSize:(id)adSize</Declaration>
			<Parameters>
				<Parameter>
					<Name>placementId</Name>
					<Abstract type="html">The ad&apos;s placement ID.</Abstract>
				</Parameter><Parameter>
					<Name>adSize</Name>
					<Abstract type="html">The size of the banner to request.</Abstract>
				</Parameter>
			</Parameters>
			
			<Anchor>//api/name/initWithPlacementId:adSize:</Anchor>
            <NodeRef refid="3"/>
		</Token>
		
		<Token>
			<TokenIdentifier>//apple_ref/occ/instm/MMInlineAd/initWithPlacementId:size:</TokenIdentifier>
			<Abstract type="html">Initializes an inline placement with an explicitly defined size.</Abstract>
			<DeclaredIn>MMInlineAd.h</DeclaredIn>
			
			<Declaration>- (nullable instancetype)initWithPlacementId:(id)placementId size:(id)freeformSize</Declaration>
			<Parameters>
				<Parameter>
					<Name>placementId</Name>
					<Abstract type="html">The ad&apos;s placement ID.</Abstract>
				</Parameter><Parameter>
					<Name>freeformSize</Name>
					<Abstract type="html">The explicit size of the placement to request.</Abstract>
				</Parameter>
			</Parameters>
			
			<Anchor>//api/name/initWithPlacementId:size:</Anchor>
            <NodeRef refid="3"/>
		</Token>
		
		<Token>
			<TokenIdentifier>//apple_ref/occ/clm/MMInlineAd/minimumRefreshInterval</TokenIdentifier>
			<Abstract type="html">The minimum refresh interval, in seconds, for the ad.</Abstract>
			<DeclaredIn>MMInlineAd.h</DeclaredIn>
			
			<Declaration>+ (NSTimeInterval)minimumRefreshInterval</Declaration>
			
			
			<Anchor>//api/name/minimumRefreshInterval</Anchor>
            <NodeRef refid="3"/>
		</Token>
		
		<Token>
			<TokenIdentifier>//apple_ref/occ/instm/MMInlineAd/request:</TokenIdentifier>
			<Abstract type="html">Requests an ad, asynchronously, using information supplied in the mmAdRequest dictionary.</Abstract>
			<DeclaredIn>MMInlineAd.h</DeclaredIn>
			
			<Declaration>- (void)request:(id)requestInfo</Declaration>
			<Parameters>
				<Parameter>
					<Name>requestInfo</Name>
					<Abstract type="html">Additional targeting information relevant to this individual request. This value may be nil.</Abstract>
				</Parameter>
			</Parameters>
			
			<Anchor>//api/name/request:</Anchor>
            <NodeRef refid="3"/>
		</Token>
		
		<Token>
			<TokenIdentifier>//apple_ref/occ/instm/MMInlineAd/abort</TokenIdentifier>
			<Abstract type="html">Attempts to cancel a currently pending request.</Abstract>
			<DeclaredIn>MMInlineAd.h</DeclaredIn>
			
			<Declaration>- (void)abort</Declaration>
			
			
			<Anchor>//api/name/abort</Anchor>
            <NodeRef refid="3"/>
		</Token>
		
		<Token>
			<TokenIdentifier>//apple_ref/occ/instm/MMInlineAd/setView:</TokenIdentifier>
			<Abstract type="html">The view containing the ad. This view should not have its subviews modified, or be styled, in any way.</Abstract>
			<DeclaredIn>MMInlineAd.h</DeclaredIn>
			
			<Declaration>@property (nonatomic, readonly) UIView *view</Declaration>
			
			
			<Anchor>//api/name/view</Anchor>
            <NodeRef refid="3"/>
		</Token>
		
		<Token>
			<TokenIdentifier>//apple_ref/occ/instm/MMInlineAd/view</TokenIdentifier>
			<Abstract type="html">The view containing the ad. This view should not have its subviews modified, or be styled, in any way.</Abstract>
			<DeclaredIn>MMInlineAd.h</DeclaredIn>
			
			<Declaration>@property (nonatomic, readonly) UIView *view</Declaration>
			
			
			<Anchor>//api/name/view</Anchor>
            <NodeRef refid="3"/>
		</Token>
		
		<Token>
			<TokenIdentifier>//apple_ref/occ/instp/MMInlineAd/view</TokenIdentifier>
			<Abstract type="html">The view containing the ad. This view should not have its subviews modified, or be styled, in any way.</Abstract>
			<DeclaredIn>MMInlineAd.h</DeclaredIn>
			
			<Declaration>@property (nonatomic, readonly) UIView *view</Declaration>
			
			
			<Anchor>//api/name/view</Anchor>
            <NodeRef refid="3"/>
		</Token>
		
		<Token>
			<TokenIdentifier>//apple_ref/occ/instm/MMInlineAd/setRefreshInterval:</TokenIdentifier>
			<Abstract type="html">The auto-refresh interval for the ad, in seconds. Auto-refreshing is disabled by default.</Abstract>
			<DeclaredIn>MMInlineAd.h</DeclaredIn>
			
			<Declaration>@property (nonatomic, assign) NSTimeInterval refreshInterval</Declaration>
			
			
			<Anchor>//api/name/refreshInterval</Anchor>
            <NodeRef refid="3"/>
		</Token>
		
		<Token>
			<TokenIdentifier>//apple_ref/occ/instm/MMInlineAd/refreshInterval</TokenIdentifier>
			<Abstract type="html">The auto-refresh interval for the ad, in seconds. Auto-refreshing is disabled by default.</Abstract>
			<DeclaredIn>MMInlineAd.h</DeclaredIn>
			
			<Declaration>@property (nonatomic, assign) NSTimeInterval refreshInterval</Declaration>
			
			
			<Anchor>//api/name/refreshInterval</Anchor>
            <NodeRef refid="3"/>
		</Token>
		
		<Token>
			<TokenIdentifier>//apple_ref/occ/instp/MMInlineAd/refreshInterval</TokenIdentifier>
			<Abstract type="html">The auto-refresh interval for the ad, in seconds. Auto-refreshing is disabled by default.</Abstract>
			<DeclaredIn>MMInlineAd.h</DeclaredIn>
			
			<Declaration>@property (nonatomic, assign) NSTimeInterval refreshInterval</Declaration>
			
			
			<Anchor>//api/name/refreshInterval</Anchor>
            <NodeRef refid="3"/>
		</Token>
		
		<Token>
			<TokenIdentifier>//apple_ref/occ/instm/MMInlineAd/setFlexibleBackgroundColor:</TokenIdentifier>
			<Abstract type="html">The background color for requested space not filled by the ads.</Abstract>
			<DeclaredIn>MMInlineAd.h</DeclaredIn>
			
			<Declaration>@property (nonatomic, readwrite) UIColor *flexibleBackgroundColor</Declaration>
			
			
			<Anchor>//api/name/flexibleBackgroundColor</Anchor>
            <NodeRef refid="3"/>
		</Token>
		
		<Token>
			<TokenIdentifier>//apple_ref/occ/instm/MMInlineAd/flexibleBackgroundColor</TokenIdentifier>
			<Abstract type="html">The background color for requested space not filled by the ads.</Abstract>
			<DeclaredIn>MMInlineAd.h</DeclaredIn>
			
			<Declaration>@property (nonatomic, readwrite) UIColor *flexibleBackgroundColor</Declaration>
			
			
			<Anchor>//api/name/flexibleBackgroundColor</Anchor>
            <NodeRef refid="3"/>
		</Token>
		
		<Token>
			<TokenIdentifier>//apple_ref/occ/instp/MMInlineAd/flexibleBackgroundColor</TokenIdentifier>
			<Abstract type="html">The background color for requested space not filled by the ads.</Abstract>
			<DeclaredIn>MMInlineAd.h</DeclaredIn>
			
			<Declaration>@property (nonatomic, readwrite) UIColor *flexibleBackgroundColor</Declaration>
			
			
			<Anchor>//api/name/flexibleBackgroundColor</Anchor>
            <NodeRef refid="3"/>
		</Token>
		
		<Token>
			<TokenIdentifier>//apple_ref/occ/instm/MMInlineAd/setModalTransitionStyle:</TokenIdentifier>
			<Abstract type="html">The transition style for modal presentation of views presented by this inline ad.</Abstract>
			<DeclaredIn>MMInlineAd.h</DeclaredIn>
			
			<Declaration>@property (assign, nonatomic) UIModalTransitionStyle modalTransitionStyle</Declaration>
			
			
			<Anchor>//api/name/modalTransitionStyle</Anchor>
            <NodeRef refid="3"/>
		</Token>
		
		<Token>
			<TokenIdentifier>//apple_ref/occ/instm/MMInlineAd/modalTransitionStyle</TokenIdentifier>
			<Abstract type="html">The transition style for modal presentation of views presented by this inline ad.</Abstract>
			<DeclaredIn>MMInlineAd.h</DeclaredIn>
			
			<Declaration>@property (assign, nonatomic) UIModalTransitionStyle modalTransitionStyle</Declaration>
			
			
			<Anchor>//api/name/modalTransitionStyle</Anchor>
            <NodeRef refid="3"/>
		</Token>
		
		<Token>
			<TokenIdentifier>//apple_ref/occ/instp/MMInlineAd/modalTransitionStyle</TokenIdentifier>
			<Abstract type="html">The transition style for modal presentation of views presented by this inline ad.</Abstract>
			<DeclaredIn>MMInlineAd.h</DeclaredIn>
			
			<Declaration>@property (assign, nonatomic) UIModalTransitionStyle modalTransitionStyle</Declaration>
			
			
			<Anchor>//api/name/modalTransitionStyle</Anchor>
            <NodeRef refid="3"/>
		</Token>
		
		<Token>
			<TokenIdentifier>//apple_ref/occ/instm/MMInlineAd/setDelegate:</TokenIdentifier>
			<Abstract type="html">The inline&apos;s delegate.</Abstract>
			<DeclaredIn>MMInlineAd.h</DeclaredIn>
			
			<Declaration>@property (nonatomic, weak, nullable) id&lt;MMInlineDelegate&gt; delegate</Declaration>
			
			
			<Anchor>//api/name/delegate</Anchor>
            <NodeRef refid="3"/>
		</Token>
		
		<Token>
			<TokenIdentifier>//apple_ref/occ/instm/MMInlineAd/delegate</TokenIdentifier>
			<Abstract type="html">The inline&apos;s delegate.</Abstract>
			<DeclaredIn>MMInlineAd.h</DeclaredIn>
			
			<Declaration>@property (nonatomic, weak, nullable) id&lt;MMInlineDelegate&gt; delegate</Declaration>
			
			
			<Anchor>//api/name/delegate</Anchor>
            <NodeRef refid="3"/>
		</Token>
		
		<Token>
			<TokenIdentifier>//apple_ref/occ/instp/MMInlineAd/delegate</TokenIdentifier>
			<Abstract type="html">The inline&apos;s delegate.</Abstract>
			<DeclaredIn>MMInlineAd.h</DeclaredIn>
			
			<Declaration>@property (nonatomic, weak, nullable) id&lt;MMInlineDelegate&gt; delegate</Declaration>
			
			
			<Anchor>//api/name/delegate</Anchor>
            <NodeRef refid="3"/>
		</Token>
		
		<Token>
			<TokenIdentifier>//apple_ref/occ/instm/MMInlineAd/setSize:</TokenIdentifier>
			<Abstract type="html">The size of the currently retrieved ad. If no ad has been retrieved this value is CGSizeZero.</Abstract>
			<DeclaredIn>MMInlineAd.h</DeclaredIn>
			
			<Declaration>@property (nonatomic, readonly) CGSize size</Declaration>
			
			
			<Anchor>//api/name/size</Anchor>
            <NodeRef refid="3"/>
		</Token>
		
		<Token>
			<TokenIdentifier>//apple_ref/occ/instm/MMInlineAd/size</TokenIdentifier>
			<Abstract type="html">The size of the currently retrieved ad. If no ad has been retrieved this value is CGSizeZero.</Abstract>
			<DeclaredIn>MMInlineAd.h</DeclaredIn>
			
			<Declaration>@property (nonatomic, readonly) CGSize size</Declaration>
			
			
			<Anchor>//api/name/size</Anchor>
            <NodeRef refid="3"/>
		</Token>
		
		<Token>
			<TokenIdentifier>//apple_ref/occ/instp/MMInlineAd/size</TokenIdentifier>
			<Abstract type="html">The size of the currently retrieved ad. If no ad has been retrieved this value is CGSizeZero.</Abstract>
			<DeclaredIn>MMInlineAd.h</DeclaredIn>
			
			<Declaration>@property (nonatomic, readonly) CGSize size</Declaration>
			
			
			<Anchor>//api/name/size</Anchor>
            <NodeRef refid="3"/>
		</Token>
		
		<Token>
			<TokenIdentifier>//apple_ref/occ/instm/MMInlineAd/setRequestedSize:</TokenIdentifier>
			<Abstract type="html">The size which any ads will be requested to fit.</Abstract>
			<DeclaredIn>MMInlineAd.h</DeclaredIn>
			
			<Declaration>@property (nonatomic, readonly) CGSize requestedSize</Declaration>
			
			
			<Anchor>//api/name/requestedSize</Anchor>
            <NodeRef refid="3"/>
		</Token>
		
		<Token>
			<TokenIdentifier>//apple_ref/occ/instm/MMInlineAd/requestedSize</TokenIdentifier>
			<Abstract type="html">The size which any ads will be requested to fit.</Abstract>
			<DeclaredIn>MMInlineAd.h</DeclaredIn>
			
			<Declaration>@property (nonatomic, readonly) CGSize requestedSize</Declaration>
			
			
			<Anchor>//api/name/requestedSize</Anchor>
            <NodeRef refid="3"/>
		</Token>
		
		<Token>
			<TokenIdentifier>//apple_ref/occ/instp/MMInlineAd/requestedSize</TokenIdentifier>
			<Abstract type="html">The size which any ads will be requested to fit.</Abstract>
			<DeclaredIn>MMInlineAd.h</DeclaredIn>
			
			<Declaration>@property (nonatomic, readonly) CGSize requestedSize</Declaration>
			
			
			<Anchor>//api/name/requestedSize</Anchor>
            <NodeRef refid="3"/>
		</Token>
		
        
        
	</File>
</Tokens>