<?xml version="1.0" encoding="UTF-8"?>
<Tokens version="1.0">
	<File path="Constants/MMSDKError.html">
		
		<Token>
			<TokenIdentifier>//apple_ref/c/tdef/MMSDKError</TokenIdentifier>
			<Abstract type="html">The errors which can be returned from the SDK in the MMSDKErrorDomain.</Abstract>
			<DeclaredIn>MMSDKErrors.h</DeclaredIn>
            
			
			<NodeRef refid="21"/>
		</Token>
		
		
        
        <Token>
            <TokenIdentifier>//apple_ref/c/econst/MMSDKErrorServerResponseBadStatus</TokenIdentifier>
            <Abstract type="html">The server returned a response code indicating an error when an ad request was made.</Abstract>
            <Declaration>MMSDKErrorServerResponseBadStatus</Declaration>
            
            <DeclaredIn>MMSDKErrors.h</DeclaredIn>
            
            <NodeRef refid="21"/>
        </Token>
        
        <Token>
            <TokenIdentifier>//apple_ref/c/econst/MMSDKErrorServerResponseNoContent</TokenIdentifier>
            <Abstract type="html">The server did not return any valid content when a request was made.</Abstract>
            <Declaration>MMSDKErrorServerResponseNoContent</Declaration>
            
            <DeclaredIn>MMSDKErrors.h</DeclaredIn>
            
            <NodeRef refid="21"/>
        </Token>
        
        <Token>
            <TokenIdentifier>//apple_ref/c/econst/MMSDKErrorNativeAdMissingRequiredComponent</TokenIdentifier>
            <Abstract type="html">The native object is missing an advertiser required component.</Abstract>
            <Declaration>MMSDKErrorNativeAdMissingRequiredComponent</Declaration>
            
            <DeclaredIn>MMSDKErrors.h</DeclaredIn>
            
            <NodeRef refid="21"/>
        </Token>
        
        <Token>
            <TokenIdentifier>//apple_ref/c/econst/MMSDKErrorPlacementRequestInProgress</TokenIdentifier>
            <Abstract type="html">A request for this placement instance is already in progress.</Abstract>
            <Declaration>MMSDKErrorPlacementRequestInProgress</Declaration>
            
            <DeclaredIn>MMSDKErrors.h</DeclaredIn>
            
            <NodeRef refid="21"/>
        </Token>
        
        <Token>
            <TokenIdentifier>//apple_ref/c/econst/MMSDKErrorInterstitialAdAlreadyLoaded</TokenIdentifier>
            <Abstract type="html">An interstitial ad is already loaded for this object.</Abstract>
            <Declaration>MMSDKErrorInterstitialAdAlreadyLoaded</Declaration>
            
            <DeclaredIn>MMSDKErrors.h</DeclaredIn>
            
            <NodeRef refid="21"/>
        </Token>
        
        <Token>
            <TokenIdentifier>//apple_ref/c/econst/MMSDKErrorInterstitialAdExpired</TokenIdentifier>
            <Abstract type="html">The interstitial ad is expired and cannot be shown.</Abstract>
            <Declaration>MMSDKErrorInterstitialAdExpired</Declaration>
            
            <DeclaredIn>MMSDKErrors.h</DeclaredIn>
            
            <NodeRef refid="21"/>
        </Token>
        
        <Token>
            <TokenIdentifier>//apple_ref/c/econst/MMSDKErrorInterstitialAdNotReady</TokenIdentifier>
            <Abstract type="html">The interstitial ad is not ready to be shown.</Abstract>
            <Declaration>MMSDKErrorInterstitialAdNotReady</Declaration>
            
            <DeclaredIn>MMSDKErrors.h</DeclaredIn>
            
            <NodeRef refid="21"/>
        </Token>
        
        <Token>
            <TokenIdentifier>//apple_ref/c/econst/MMSDKErrorInterstitialAdContentUnavailable</TokenIdentifier>
            <Abstract type="html">The interstitial ad content is not available to be shown.</Abstract>
            <Declaration>MMSDKErrorInterstitialAdContentUnavailable</Declaration>
            
            <DeclaredIn>MMSDKErrors.h</DeclaredIn>
            
            <NodeRef refid="21"/>
        </Token>
        
        <Token>
            <TokenIdentifier>//apple_ref/c/econst/MMSDKErrorInterstitialNoViewControllerProvided</TokenIdentifier>
            <Abstract type="html">The interstitial ad could not be presented because no view controller was provided.</Abstract>
            <Declaration>MMSDKErrorInterstitialNoViewControllerProvided</Declaration>
            
            <DeclaredIn>MMSDKErrors.h</DeclaredIn>
            
            <NodeRef refid="21"/>
        </Token>
        
        <Token>
            <TokenIdentifier>//apple_ref/c/econst/MMSDKErrorInterstitialViewControllerAlreadyPresented</TokenIdentifier>
            <Abstract type="html">The interstitial ad could not be presented because it is already presented.</Abstract>
            <Declaration>MMSDKErrorInterstitialViewControllerAlreadyPresented</Declaration>
            
            <DeclaredIn>MMSDKErrors.h</DeclaredIn>
            
            <NodeRef refid="21"/>
        </Token>
        
        <Token>
            <TokenIdentifier>//apple_ref/c/econst/MMSDKErrorVideoSetUpFailed</TokenIdentifier>
            <Abstract type="html">The video player set up failed.</Abstract>
            <Declaration>MMSDKErrorVideoSetUpFailed</Declaration>
            
            <DeclaredIn>MMSDKErrors.h</DeclaredIn>
            
            <NodeRef refid="21"/>
        </Token>
        
        <Token>
            <TokenIdentifier>//apple_ref/c/econst/MMSDKErrorVideoNotReady</TokenIdentifier>
            <Abstract type="html">&apos;Play&apos; was sent to the video when it was not ready to play.</Abstract>
            <Declaration>MMSDKErrorVideoNotReady</Declaration>
            
            <DeclaredIn>MMSDKErrors.h</DeclaredIn>
            
            <NodeRef refid="21"/>
        </Token>
        
        <Token>
            <TokenIdentifier>//apple_ref/c/econst/MMSDKErrorVideoStalled</TokenIdentifier>
            <Abstract type="html">The video player stalled.</Abstract>
            <Declaration>MMSDKErrorVideoStalled</Declaration>
            
            <DeclaredIn>MMSDKErrors.h</DeclaredIn>
            
            <NodeRef refid="21"/>
        </Token>
        
        <Token>
            <TokenIdentifier>//apple_ref/c/econst/MMSDKErrorVideoPlaybackFailed</TokenIdentifier>
            <Abstract type="html">Error during video playback.</Abstract>
            <Declaration>MMSDKErrorVideoPlaybackFailed</Declaration>
            
            <DeclaredIn>MMSDKErrors.h</DeclaredIn>
            
            <NodeRef refid="21"/>
        </Token>
        
        <Token>
            <TokenIdentifier>//apple_ref/c/econst/MMSDKErrorVideoPlayerVideoLoadTimeout</TokenIdentifier>
            <Abstract type="html">The video player timed out while loading a video.</Abstract>
            <Declaration>MMSDKErrorVideoPlayerVideoLoadTimeout</Declaration>
            
            <DeclaredIn>MMSDKErrors.h</DeclaredIn>
            
            <NodeRef refid="21"/>
        </Token>
        
        <Token>
            <TokenIdentifier>//apple_ref/c/econst/MMSDKErrorVideoPlayerVideoPrepareTimeout</TokenIdentifier>
            <Abstract type="html">The video player timed out during preparation to play.</Abstract>
            <Declaration>MMSDKErrorVideoPlayerVideoPrepareTimeout</Declaration>
            
            <DeclaredIn>MMSDKErrors.h</DeclaredIn>
            
            <NodeRef refid="21"/>
        </Token>
        
        <Token>
            <TokenIdentifier>//apple_ref/c/econst/MMSDKErrorVASTNoCompatibleMediaFile</TokenIdentifier>
            <Abstract type="html">The VAST document did not contain a compatible media file.</Abstract>
            <Declaration>MMSDKErrorVASTNoCompatibleMediaFile</Declaration>
            
            <DeclaredIn>MMSDKErrors.h</DeclaredIn>
            
            <NodeRef refid="21"/>
        </Token>
        
        <Token>
            <TokenIdentifier>//apple_ref/c/econst/MMSDKErrorVASTParserFailure</TokenIdentifier>
            <Abstract type="html">An error was encountered during VAST parsing.</Abstract>
            <Declaration>MMSDKErrorVASTParserFailure</Declaration>
            
            <DeclaredIn>MMSDKErrors.h</DeclaredIn>
            
            <NodeRef refid="21"/>
        </Token>
        
        <Token>
            <TokenIdentifier>//apple_ref/c/econst/MMSDKErrorClientMediationError</TokenIdentifier>
            <Abstract type="html">The client SDK being mediated to experienced an error.</Abstract>
            <Declaration>MMSDKErrorClientMediationError</Declaration>
            
            <DeclaredIn>MMSDKErrors.h</DeclaredIn>
            
            <NodeRef refid="21"/>
        </Token>
        
        <Token>
            <TokenIdentifier>//apple_ref/c/econst/MMSDKErrorRequestsDisabled</TokenIdentifier>
            <Abstract type="html">SDK requests have been disabled for this application. Please contact your Account Manager to resolve the issue.</Abstract>
            <Declaration>MMSDKErrorRequestsDisabled</Declaration>
            
            <DeclaredIn>MMSDKErrors.h</DeclaredIn>
            
            <NodeRef refid="21"/>
        </Token>
        
        <Token>
            <TokenIdentifier>//apple_ref/c/econst/MMSDKErrorVideoPlayerNotExpanded</TokenIdentifier>
            <Abstract type="html">The video player wasn&apos;t expanded when collapse called.</Abstract>
            <Declaration>MMSDKErrorVideoPlayerNotExpanded</Declaration>
            
            <DeclaredIn>MMSDKErrors.h</DeclaredIn>
            
            <NodeRef refid="21"/>
        </Token>
        
        <Token>
            <TokenIdentifier>//apple_ref/c/econst/MMSDKErrorVideoPlayerAlreadyExpanded</TokenIdentifier>
            <Abstract type="html">The video player was areadly expanded.</Abstract>
            <Declaration>MMSDKErrorVideoPlayerAlreadyExpanded</Declaration>
            
            <DeclaredIn>MMSDKErrors.h</DeclaredIn>
            
            <NodeRef refid="21"/>
        </Token>
        
        <Token>
            <TokenIdentifier>//apple_ref/c/econst/MMSDKErrorNoFill</TokenIdentifier>
            <Abstract type="html">There was no content available to load (no-fill)</Abstract>
            <Declaration>MMSDKErrorNoFill</Declaration>
            
            <DeclaredIn>MMSDKErrors.h</DeclaredIn>
            
            <NodeRef refid="21"/>
        </Token>
        
        <Token>
            <TokenIdentifier>//apple_ref/c/econst/MMSDKErrorVersionMismatch</TokenIdentifier>
            <Abstract type="html">There was a version mismatch between the request and the response.</Abstract>
            <Declaration>MMSDKErrorVersionMismatch</Declaration>
            
            <DeclaredIn>MMSDKErrors.h</DeclaredIn>
            
            <NodeRef refid="21"/>
        </Token>
        
        <Token>
            <TokenIdentifier>//apple_ref/c/econst/MMSDKErrorMediaDownloadFailed</TokenIdentifier>
            <Abstract type="html">Downloading media for the ad failed.</Abstract>
            <Declaration>MMSDKErrorMediaDownloadFailed</Declaration>
            
            <DeclaredIn>MMSDKErrors.h</DeclaredIn>
            
            <NodeRef refid="21"/>
        </Token>
        
        <Token>
            <TokenIdentifier>//apple_ref/c/econst/MMSDKErrorRequestTimeout</TokenIdentifier>
            <Abstract type="html">A request operation timed out.</Abstract>
            <Declaration>MMSDKErrorRequestTimeout</Declaration>
            
            <DeclaredIn>MMSDKErrors.h</DeclaredIn>
            
            <NodeRef refid="21"/>
        </Token>
        
        <Token>
            <TokenIdentifier>//apple_ref/c/econst/MMSDKErrorVASTMissingRequiredImpression</TokenIdentifier>
            <Abstract type="html">The VAST document did not contain an impression.</Abstract>
            <Declaration>MMSDKErrorVASTMissingRequiredImpression</Declaration>
            
            <DeclaredIn>MMSDKErrors.h</DeclaredIn>
            
            <NodeRef refid="21"/>
        </Token>
        
        <Token>
            <TokenIdentifier>//apple_ref/c/econst/MMSDKErrorVASTExcessiveWrappers</TokenIdentifier>
            <Abstract type="html">The VAST document contains more than 3 Wrapper tags.</Abstract>
            <Declaration>MMSDKErrorVASTExcessiveWrappers</Declaration>
            
            <DeclaredIn>MMSDKErrors.h</DeclaredIn>
            
            <NodeRef refid="21"/>
        </Token>
        
        <Token>
            <TokenIdentifier>//apple_ref/c/econst/MMSDKErrorNotInitialized</TokenIdentifier>
            <Abstract type="html">The SDK has not yet been initialized.</Abstract>
            <Declaration>MMSDKErrorNotInitialized</Declaration>
            
            <DeclaredIn>MMSDKErrors.h</DeclaredIn>
            
            <NodeRef refid="21"/>
        </Token>
        
        <Token>
            <TokenIdentifier>//apple_ref/c/econst/MMSDKErrorSuccessDuringAbort</TokenIdentifier>
            <Abstract type="html">A request abort was requested, but the request succeeded.</Abstract>
            <Declaration>MMSDKErrorSuccessDuringAbort</Declaration>
            
            <DeclaredIn>MMSDKErrors.h</DeclaredIn>
            
            <NodeRef refid="21"/>
        </Token>
        
        <Token>
            <TokenIdentifier>//apple_ref/c/econst/MMSDKErrorFailureDuringAbort</TokenIdentifier>
            <Abstract type="html">A request abort was requested, but the request failed due to an error.</Abstract>
            <Declaration>MMSDKErrorFailureDuringAbort</Declaration>
            
            <DeclaredIn>MMSDKErrors.h</DeclaredIn>
            
            <NodeRef refid="21"/>
        </Token>
        
        <Token>
            <TokenIdentifier>//apple_ref/c/econst/MMSDKErrorNoRequestAbort</TokenIdentifier>
            <Abstract type="html">A request abort was requested, but no request was in progress.</Abstract>
            <Declaration>MMSDKErrorNoRequestAbort</Declaration>
            
            <DeclaredIn>MMSDKErrors.h</DeclaredIn>
            
            <NodeRef refid="21"/>
        </Token>
        
        
	</File>
</Tokens>