<?xml version="1.0" encoding="UTF-8"?>
<Tokens version="1.0">
	<File path="Classes/MMNativeAd.html">
		
		<Token>
			<TokenIdentifier>//apple_ref/occ/cl/MMNativeAd</TokenIdentifier>
			<Abstract type="html">The class representing a native advertisement, its content, and the associated actions.</Abstract>
			<DeclaredIn>MMNativeAd.h</DeclaredIn>
            
			
			<NodeRef refid="5"/>
		</Token>
		
		
		<Token>
			<TokenIdentifier>//apple_ref/occ/instm/MMNativeAd/initWithPlacementId:adType:</TokenIdentifier>
			<Abstract type="html">Initializes a native ad placement.</Abstract>
			<DeclaredIn>MMNativeAd.h</DeclaredIn>
			
			<Declaration>- (nullable instancetype)initWithPlacementId:(id)placementId adType:(id)nativeAdType</Declaration>
			<Parameters>
				<Parameter>
					<Name>placementId</Name>
					<Abstract type="html">The identifier of the placement that is used by the server for selecting ad content.</Abstract>
				</Parameter><Parameter>
					<Name>type</Name>
					<Abstract type="html">An NSString object which corresponds to a defined native type, for example, MMNativeAdTypeInline.</Abstract>
				</Parameter>
			</Parameters>
			<ReturnValue><Abstract type="html">The MMNativeAd object.</Abstract></ReturnValue>
			<Anchor>//api/name/initWithPlacementId:adType:</Anchor>
            <NodeRef refid="5"/>
		</Token>
		
		<Token>
			<TokenIdentifier>//apple_ref/occ/instm/MMNativeAd/initWithPlacementId:supportedTypes:</TokenIdentifier>
			<Abstract type="html">Initializes a native ad placement.</Abstract>
			<DeclaredIn>MMNativeAd.h</DeclaredIn>
			
			<Declaration>- (nullable instancetype)initWithPlacementId:(id)placementId supportedTypes:(id)types</Declaration>
			<Parameters>
				<Parameter>
					<Name>placementId</Name>
					<Abstract type="html">The identifier of the placement that is used by the server for selecting ad content.</Abstract>
				</Parameter><Parameter>
					<Name>types</Name>
					<Abstract type="html">An array of NSString objects, each of which corresponds to a defined native type, for example, MMNativeAdTypeInline.</Abstract>
				</Parameter>
			</Parameters>
			<ReturnValue><Abstract type="html">The MMNativeAd object.</Abstract></ReturnValue>
			<Anchor>//api/name/initWithPlacementId:supportedTypes:</Anchor>
            <NodeRef refid="5"/>
		</Token>
		
		<Token>
			<TokenIdentifier>//apple_ref/occ/instm/MMNativeAd/load:</TokenIdentifier>
			<Abstract type="html">Requests a native ad, asynchronously.</Abstract>
			<DeclaredIn>MMNativeAd.h</DeclaredIn>
			
			<Declaration>- (void)load:(id)requestInfo</Declaration>
			<Parameters>
				<Parameter>
					<Name>requestInfo</Name>
					<Abstract type="html">Additional targeting information relevant to this individual request.</Abstract>
				</Parameter>
			</Parameters>
			
			<Anchor>//api/name/load:</Anchor>
            <NodeRef refid="5"/>
		</Token>
		
		<Token>
			<TokenIdentifier>//apple_ref/occ/instm/MMNativeAd/invokeDefaultAction</TokenIdentifier>
			<Abstract type="html">Notify the MMNativeAd that the user has tapped in the app&apos;s native ad presentation.</Abstract>
			<DeclaredIn>MMNativeAd.h</DeclaredIn>
			
			<Declaration>- (void)invokeDefaultAction</Declaration>
			
			
			<Anchor>//api/name/invokeDefaultAction</Anchor>
            <NodeRef refid="5"/>
		</Token>
		
		<Token>
			<TokenIdentifier>//apple_ref/occ/instm/MMNativeAd/fireImpression</TokenIdentifier>
			<Abstract type="html">Notify the MMNativeAd that the app&apos;s native ad container view has been presented on screen and is viewable.</Abstract>
			<DeclaredIn>MMNativeAd.h</DeclaredIn>
			
			<Declaration>- (void)fireImpression</Declaration>
			
			
			<Anchor>//api/name/fireImpression</Anchor>
            <NodeRef refid="5"/>
		</Token>
		
		<Token>
			<TokenIdentifier>//apple_ref/occ/instm/MMNativeAd/loadIntoLayoutFromBundle:</TokenIdentifier>
			<Abstract type="html">Load the current native ad into a pre-defined layout, loaded from the specified bundle.</Abstract>
			<DeclaredIn>MMNativeAd.h</DeclaredIn>
			
			<Declaration>- (nullable UIView *)loadIntoLayoutFromBundle:(id)bundle</Declaration>
			<Parameters>
				<Parameter>
					<Name>bundle</Name>
					<Abstract type="html">A bundle object containing nibs for layout, along with a layouts.plist descriptor. See the full
documentation on constructing a layout bundle for details.</Abstract>
				</Parameter>
			</Parameters>
			<ReturnValue><Abstract type="html">An instance of the view loaded from the bundle, with its contents populated with the native ad, or nil if
a view could not be loaded.</Abstract></ReturnValue>
			<Anchor>//api/name/loadIntoLayoutFromBundle:</Anchor>
            <NodeRef refid="5"/>
		</Token>
		
		<Token>
			<TokenIdentifier>//apple_ref/occ/instm/MMNativeAd/setDelegate:</TokenIdentifier>
			<Abstract type="html">The native ad&apos;s delegate.</Abstract>
			<DeclaredIn>MMNativeAd.h</DeclaredIn>
			
			<Declaration>@property (nonatomic, weak, nullable) id&lt;MMNativeAdDelegate&gt; delegate</Declaration>
			
			
			<Anchor>//api/name/delegate</Anchor>
            <NodeRef refid="5"/>
		</Token>
		
		<Token>
			<TokenIdentifier>//apple_ref/occ/instm/MMNativeAd/delegate</TokenIdentifier>
			<Abstract type="html">The native ad&apos;s delegate.</Abstract>
			<DeclaredIn>MMNativeAd.h</DeclaredIn>
			
			<Declaration>@property (nonatomic, weak, nullable) id&lt;MMNativeAdDelegate&gt; delegate</Declaration>
			
			
			<Anchor>//api/name/delegate</Anchor>
            <NodeRef refid="5"/>
		</Token>
		
		<Token>
			<TokenIdentifier>//apple_ref/occ/instp/MMNativeAd/delegate</TokenIdentifier>
			<Abstract type="html">The native ad&apos;s delegate.</Abstract>
			<DeclaredIn>MMNativeAd.h</DeclaredIn>
			
			<Declaration>@property (nonatomic, weak, nullable) id&lt;MMNativeAdDelegate&gt; delegate</Declaration>
			
			
			<Anchor>//api/name/delegate</Anchor>
            <NodeRef refid="5"/>
		</Token>
		
		<Token>
			<TokenIdentifier>//apple_ref/occ/instm/MMNativeAd/setIsValid:</TokenIdentifier>
			<Abstract type="html">The state of the native ad components.</Abstract>
			<DeclaredIn>MMNativeAd.h</DeclaredIn>
			
			<Declaration>@property (nonatomic, readonly) BOOL isValid</Declaration>
			
			
			<Anchor>//api/name/isValid</Anchor>
            <NodeRef refid="5"/>
		</Token>
		
		<Token>
			<TokenIdentifier>//apple_ref/occ/instm/MMNativeAd/isValid</TokenIdentifier>
			<Abstract type="html">The state of the native ad components.</Abstract>
			<DeclaredIn>MMNativeAd.h</DeclaredIn>
			
			<Declaration>@property (nonatomic, readonly) BOOL isValid</Declaration>
			
			
			<Anchor>//api/name/isValid</Anchor>
            <NodeRef refid="5"/>
		</Token>
		
		<Token>
			<TokenIdentifier>//apple_ref/occ/instp/MMNativeAd/isValid</TokenIdentifier>
			<Abstract type="html">The state of the native ad components.</Abstract>
			<DeclaredIn>MMNativeAd.h</DeclaredIn>
			
			<Declaration>@property (nonatomic, readonly) BOOL isValid</Declaration>
			
			
			<Anchor>//api/name/isValid</Anchor>
            <NodeRef refid="5"/>
		</Token>
		
		<Token>
			<TokenIdentifier>//apple_ref/occ/instm/MMNativeAd/setType:</TokenIdentifier>
			<Abstract type="html">The type of the native ad.</Abstract>
			<DeclaredIn>MMNativeAd.h</DeclaredIn>
			
			<Declaration>@property (nonatomic, readonly, nullable) NSString *type</Declaration>
			
			
			<Anchor>//api/name/type</Anchor>
            <NodeRef refid="5"/>
		</Token>
		
		<Token>
			<TokenIdentifier>//apple_ref/occ/instm/MMNativeAd/type</TokenIdentifier>
			<Abstract type="html">The type of the native ad.</Abstract>
			<DeclaredIn>MMNativeAd.h</DeclaredIn>
			
			<Declaration>@property (nonatomic, readonly, nullable) NSString *type</Declaration>
			
			
			<Anchor>//api/name/type</Anchor>
            <NodeRef refid="5"/>
		</Token>
		
		<Token>
			<TokenIdentifier>//apple_ref/occ/instp/MMNativeAd/type</TokenIdentifier>
			<Abstract type="html">The type of the native ad.</Abstract>
			<DeclaredIn>MMNativeAd.h</DeclaredIn>
			
			<Declaration>@property (nonatomic, readonly, nullable) NSString *type</Declaration>
			
			
			<Anchor>//api/name/type</Anchor>
            <NodeRef refid="5"/>
		</Token>
		
		<Token>
			<TokenIdentifier>//apple_ref/occ/instm/MMNativeAd/setDisclaimer:</TokenIdentifier>
			<Abstract type="html">The disclaimer text marking a visual element as an advertisement.</Abstract>
			<DeclaredIn>MMNativeAd.h</DeclaredIn>
			
			<Declaration>@property (nonatomic, readonly, nullable) UILabel *disclaimer</Declaration>
			
			
			<Anchor>//api/name/disclaimer</Anchor>
            <NodeRef refid="5"/>
		</Token>
		
		<Token>
			<TokenIdentifier>//apple_ref/occ/instm/MMNativeAd/disclaimer</TokenIdentifier>
			<Abstract type="html">The disclaimer text marking a visual element as an advertisement.</Abstract>
			<DeclaredIn>MMNativeAd.h</DeclaredIn>
			
			<Declaration>@property (nonatomic, readonly, nullable) UILabel *disclaimer</Declaration>
			
			
			<Anchor>//api/name/disclaimer</Anchor>
            <NodeRef refid="5"/>
		</Token>
		
		<Token>
			<TokenIdentifier>//apple_ref/occ/instp/MMNativeAd/disclaimer</TokenIdentifier>
			<Abstract type="html">The disclaimer text marking a visual element as an advertisement.</Abstract>
			<DeclaredIn>MMNativeAd.h</DeclaredIn>
			
			<Declaration>@property (nonatomic, readonly, nullable) UILabel *disclaimer</Declaration>
			
			
			<Anchor>//api/name/disclaimer</Anchor>
            <NodeRef refid="5"/>
		</Token>
		
		<Token>
			<TokenIdentifier>//apple_ref/occ/instm/MMNativeAd/disclaimer:</TokenIdentifier>
			<Abstract type="html">The disclaimer text marking a visual element as an advertisement.</Abstract>
			<DeclaredIn>MMNativeAd.h</DeclaredIn>
			
			<Declaration>- (nullable UILabel *)disclaimer:(id)instanceId</Declaration>
			<Parameters>
				<Parameter>
					<Name>instanceId</Name>
					<Abstract type="html">represents which disclaimer instance to retrieve, starting from 1</Abstract>
				</Parameter>
			</Parameters>
			<ReturnValue><Abstract type="html">The disclaimer label for the ad, or nil if there is no disclaimer available.</Abstract></ReturnValue>
			<Anchor>//api/name/disclaimer:</Anchor>
            <NodeRef refid="5"/>
		</Token>
		
		<Token>
			<TokenIdentifier>//apple_ref/occ/instm/MMNativeAd/setIconImageView:</TokenIdentifier>
			<Abstract type="html">An imageView containing the icon image for the ad, with an associated gesture recognizer that invokes
the associated action when the element is tapped.</Abstract>
			<DeclaredIn>MMNativeAd.h</DeclaredIn>
			
			<Declaration>@property (nonatomic, readonly, nullable) UIImageView *iconImageView</Declaration>
			
			
			<Anchor>//api/name/iconImageView</Anchor>
            <NodeRef refid="5"/>
		</Token>
		
		<Token>
			<TokenIdentifier>//apple_ref/occ/instm/MMNativeAd/iconImageView</TokenIdentifier>
			<Abstract type="html">An imageView containing the icon image for the ad, with an associated gesture recognizer that invokes
the associated action when the element is tapped.</Abstract>
			<DeclaredIn>MMNativeAd.h</DeclaredIn>
			
			<Declaration>@property (nonatomic, readonly, nullable) UIImageView *iconImageView</Declaration>
			
			
			<Anchor>//api/name/iconImageView</Anchor>
            <NodeRef refid="5"/>
		</Token>
		
		<Token>
			<TokenIdentifier>//apple_ref/occ/instp/MMNativeAd/iconImageView</TokenIdentifier>
			<Abstract type="html">An imageView containing the icon image for the ad, with an associated gesture recognizer that invokes
the associated action when the element is tapped.</Abstract>
			<DeclaredIn>MMNativeAd.h</DeclaredIn>
			
			<Declaration>@property (nonatomic, readonly, nullable) UIImageView *iconImageView</Declaration>
			
			
			<Anchor>//api/name/iconImageView</Anchor>
            <NodeRef refid="5"/>
		</Token>
		
		<Token>
			<TokenIdentifier>//apple_ref/occ/instm/MMNativeAd/iconImageView:</TokenIdentifier>
			<Abstract type="html">An imageView containing the icon image for the ad, with an associated gesture recognizer that invokes
the associated action when the element is tapped.</Abstract>
			<DeclaredIn>MMNativeAd.h</DeclaredIn>
			
			<Declaration>- (nullable UIImageView *)iconImageView:(id)instanceId</Declaration>
			<Parameters>
				<Parameter>
					<Name>instanceId</Name>
					<Abstract type="html">represents which iconImageView instance to retrieve, starting from 1</Abstract>
				</Parameter>
			</Parameters>
			<ReturnValue><Abstract type="html">The icon imageView for the ad, or nil if there is no imageView available.</Abstract></ReturnValue>
			<Anchor>//api/name/iconImageView:</Anchor>
            <NodeRef refid="5"/>
		</Token>
		
		<Token>
			<TokenIdentifier>//apple_ref/occ/instm/MMNativeAd/setMainImageView:</TokenIdentifier>
			<Abstract type="html">An imageView containing the main image for the ad, with an associated gesture recognizer that invokes
the associated action when the element is tapped.</Abstract>
			<DeclaredIn>MMNativeAd.h</DeclaredIn>
			
			<Declaration>@property (nonatomic, readonly, nullable) UIImageView *mainImageView</Declaration>
			
			
			<Anchor>//api/name/mainImageView</Anchor>
            <NodeRef refid="5"/>
		</Token>
		
		<Token>
			<TokenIdentifier>//apple_ref/occ/instm/MMNativeAd/mainImageView</TokenIdentifier>
			<Abstract type="html">An imageView containing the main image for the ad, with an associated gesture recognizer that invokes
the associated action when the element is tapped.</Abstract>
			<DeclaredIn>MMNativeAd.h</DeclaredIn>
			
			<Declaration>@property (nonatomic, readonly, nullable) UIImageView *mainImageView</Declaration>
			
			
			<Anchor>//api/name/mainImageView</Anchor>
            <NodeRef refid="5"/>
		</Token>
		
		<Token>
			<TokenIdentifier>//apple_ref/occ/instp/MMNativeAd/mainImageView</TokenIdentifier>
			<Abstract type="html">An imageView containing the main image for the ad, with an associated gesture recognizer that invokes
the associated action when the element is tapped.</Abstract>
			<DeclaredIn>MMNativeAd.h</DeclaredIn>
			
			<Declaration>@property (nonatomic, readonly, nullable) UIImageView *mainImageView</Declaration>
			
			
			<Anchor>//api/name/mainImageView</Anchor>
            <NodeRef refid="5"/>
		</Token>
		
		<Token>
			<TokenIdentifier>//apple_ref/occ/instm/MMNativeAd/mainImageView:</TokenIdentifier>
			<Abstract type="html">An imageView containing the main image for the ad, with an associated gesture recognizer that invokes
the associated action when the element is tapped.</Abstract>
			<DeclaredIn>MMNativeAd.h</DeclaredIn>
			
			<Declaration>- (nullable UIImageView *)mainImageView:(id)instanceId</Declaration>
			<Parameters>
				<Parameter>
					<Name>instanceId</Name>
					<Abstract type="html">represents which mainImageView instance to retrieve, starting from 1</Abstract>
				</Parameter>
			</Parameters>
			<ReturnValue><Abstract type="html">The main imageView for the ad, or nil if there is no imageView available.</Abstract></ReturnValue>
			<Anchor>//api/name/mainImageView:</Anchor>
            <NodeRef refid="5"/>
		</Token>
		
		<Token>
			<TokenIdentifier>//apple_ref/occ/instm/MMNativeAd/setBody:</TokenIdentifier>
			<Abstract type="html">Descriptive text for the ad.</Abstract>
			<DeclaredIn>MMNativeAd.h</DeclaredIn>
			
			<Declaration>@property (nonatomic, readonly, nullable) UILabel *body</Declaration>
			
			
			<Anchor>//api/name/body</Anchor>
            <NodeRef refid="5"/>
		</Token>
		
		<Token>
			<TokenIdentifier>//apple_ref/occ/instm/MMNativeAd/body</TokenIdentifier>
			<Abstract type="html">Descriptive text for the ad.</Abstract>
			<DeclaredIn>MMNativeAd.h</DeclaredIn>
			
			<Declaration>@property (nonatomic, readonly, nullable) UILabel *body</Declaration>
			
			
			<Anchor>//api/name/body</Anchor>
            <NodeRef refid="5"/>
		</Token>
		
		<Token>
			<TokenIdentifier>//apple_ref/occ/instp/MMNativeAd/body</TokenIdentifier>
			<Abstract type="html">Descriptive text for the ad.</Abstract>
			<DeclaredIn>MMNativeAd.h</DeclaredIn>
			
			<Declaration>@property (nonatomic, readonly, nullable) UILabel *body</Declaration>
			
			
			<Anchor>//api/name/body</Anchor>
            <NodeRef refid="5"/>
		</Token>
		
		<Token>
			<TokenIdentifier>//apple_ref/occ/instm/MMNativeAd/body:</TokenIdentifier>
			<Abstract type="html">Descriptive body text for the ad.</Abstract>
			<DeclaredIn>MMNativeAd.h</DeclaredIn>
			
			<Declaration>- (nullable UILabel *)body:(id)instanceId</Declaration>
			<Parameters>
				<Parameter>
					<Name>instanceId</Name>
					<Abstract type="html">represents which body instance to retrieve, starting from 1</Abstract>
				</Parameter>
			</Parameters>
			<ReturnValue><Abstract type="html">The body label for the ad, or nil if there is no body label available.</Abstract></ReturnValue>
			<Anchor>//api/name/body:</Anchor>
            <NodeRef refid="5"/>
		</Token>
		
		<Token>
			<TokenIdentifier>//apple_ref/occ/instm/MMNativeAd/setTitle:</TokenIdentifier>
			<Abstract type="html">The title label of the ad.</Abstract>
			<DeclaredIn>MMNativeAd.h</DeclaredIn>
			
			<Declaration>@property (nonatomic, readonly, nullable) UILabel *title</Declaration>
			
			
			<Anchor>//api/name/title</Anchor>
            <NodeRef refid="5"/>
		</Token>
		
		<Token>
			<TokenIdentifier>//apple_ref/occ/instm/MMNativeAd/title</TokenIdentifier>
			<Abstract type="html">The title label of the ad.</Abstract>
			<DeclaredIn>MMNativeAd.h</DeclaredIn>
			
			<Declaration>@property (nonatomic, readonly, nullable) UILabel *title</Declaration>
			
			
			<Anchor>//api/name/title</Anchor>
            <NodeRef refid="5"/>
		</Token>
		
		<Token>
			<TokenIdentifier>//apple_ref/occ/instp/MMNativeAd/title</TokenIdentifier>
			<Abstract type="html">The title label of the ad.</Abstract>
			<DeclaredIn>MMNativeAd.h</DeclaredIn>
			
			<Declaration>@property (nonatomic, readonly, nullable) UILabel *title</Declaration>
			
			
			<Anchor>//api/name/title</Anchor>
            <NodeRef refid="5"/>
		</Token>
		
		<Token>
			<TokenIdentifier>//apple_ref/occ/instm/MMNativeAd/title:</TokenIdentifier>
			<Abstract type="html">The title label of the ad.</Abstract>
			<DeclaredIn>MMNativeAd.h</DeclaredIn>
			
			<Declaration>- (nullable UILabel *)title:(id)instanceId</Declaration>
			<Parameters>
				<Parameter>
					<Name>instanceId</Name>
					<Abstract type="html">represents which title instance to retrieve, starting from 1</Abstract>
				</Parameter>
			</Parameters>
			<ReturnValue><Abstract type="html">The title label for the ad, or nil if there is no title label available.</Abstract></ReturnValue>
			<Anchor>//api/name/title:</Anchor>
            <NodeRef refid="5"/>
		</Token>
		
		<Token>
			<TokenIdentifier>//apple_ref/occ/instm/MMNativeAd/setCallToActionButton:</TokenIdentifier>
			<Abstract type="html">The call to action button which invokes the associated main action for an ad.</Abstract>
			<DeclaredIn>MMNativeAd.h</DeclaredIn>
			
			<Declaration>@property (nonatomic, readonly, nullable) UIButton *callToActionButton</Declaration>
			
			
			<Anchor>//api/name/callToActionButton</Anchor>
            <NodeRef refid="5"/>
		</Token>
		
		<Token>
			<TokenIdentifier>//apple_ref/occ/instm/MMNativeAd/callToActionButton</TokenIdentifier>
			<Abstract type="html">The call to action button which invokes the associated main action for an ad.</Abstract>
			<DeclaredIn>MMNativeAd.h</DeclaredIn>
			
			<Declaration>@property (nonatomic, readonly, nullable) UIButton *callToActionButton</Declaration>
			
			
			<Anchor>//api/name/callToActionButton</Anchor>
            <NodeRef refid="5"/>
		</Token>
		
		<Token>
			<TokenIdentifier>//apple_ref/occ/instp/MMNativeAd/callToActionButton</TokenIdentifier>
			<Abstract type="html">The call to action button which invokes the associated main action for an ad.</Abstract>
			<DeclaredIn>MMNativeAd.h</DeclaredIn>
			
			<Declaration>@property (nonatomic, readonly, nullable) UIButton *callToActionButton</Declaration>
			
			
			<Anchor>//api/name/callToActionButton</Anchor>
            <NodeRef refid="5"/>
		</Token>
		
		<Token>
			<TokenIdentifier>//apple_ref/occ/instm/MMNativeAd/callToActionButton:</TokenIdentifier>
			<Abstract type="html">The call-to-action button which invokes the associated main action for an ad.</Abstract>
			<DeclaredIn>MMNativeAd.h</DeclaredIn>
			
			<Declaration>- (nullable UIButton *)callToActionButton:(id)instanceId</Declaration>
			<Parameters>
				<Parameter>
					<Name>instanceId</Name>
					<Abstract type="html">represents which call-to-action button instance to retrieve, starting from 1</Abstract>
				</Parameter>
			</Parameters>
			<ReturnValue><Abstract type="html">The call-to-action label for the ad, or nil if there is no call-to-action button available.</Abstract></ReturnValue>
			<Anchor>//api/name/callToActionButton:</Anchor>
            <NodeRef refid="5"/>
		</Token>
		
		<Token>
			<TokenIdentifier>//apple_ref/occ/instm/MMNativeAd/setRating:</TokenIdentifier>
			<Abstract type="html">The rating label for the native ad.</Abstract>
			<DeclaredIn>MMNativeAd.h</DeclaredIn>
			
			<Declaration>@property (nonatomic, readonly, nullable) UILabel *rating</Declaration>
			
			
			<Anchor>//api/name/rating</Anchor>
            <NodeRef refid="5"/>
		</Token>
		
		<Token>
			<TokenIdentifier>//apple_ref/occ/instm/MMNativeAd/rating</TokenIdentifier>
			<Abstract type="html">The rating label for the native ad.</Abstract>
			<DeclaredIn>MMNativeAd.h</DeclaredIn>
			
			<Declaration>@property (nonatomic, readonly, nullable) UILabel *rating</Declaration>
			
			
			<Anchor>//api/name/rating</Anchor>
            <NodeRef refid="5"/>
		</Token>
		
		<Token>
			<TokenIdentifier>//apple_ref/occ/instp/MMNativeAd/rating</TokenIdentifier>
			<Abstract type="html">The rating label for the native ad.</Abstract>
			<DeclaredIn>MMNativeAd.h</DeclaredIn>
			
			<Declaration>@property (nonatomic, readonly, nullable) UILabel *rating</Declaration>
			
			
			<Anchor>//api/name/rating</Anchor>
            <NodeRef refid="5"/>
		</Token>
		
		<Token>
			<TokenIdentifier>//apple_ref/occ/instm/MMNativeAd/rating:</TokenIdentifier>
			<Abstract type="html">The rating label of the ad. The text value must be displayed and should not be altered.</Abstract>
			<DeclaredIn>MMNativeAd.h</DeclaredIn>
			
			<Declaration>- (nullable UILabel *)rating:(id)instanceId</Declaration>
			<Parameters>
				<Parameter>
					<Name>instanceId</Name>
					<Abstract type="html">represents which rating instance to retrieve, starting from 1</Abstract>
				</Parameter>
			</Parameters>
			<ReturnValue><Abstract type="html">The rating label for the ad, or nil if there is no rating label available.</Abstract></ReturnValue>
			<Anchor>//api/name/rating:</Anchor>
            <NodeRef refid="5"/>
		</Token>
		
        
        
	</File>
</Tokens>