<?xml version="1.0" encoding="UTF-8"?>
<Tokens version="1.0">
	<File path="Constants/MMInlineAdSize.html">
		
		<Token>
			<TokenIdentifier>//apple_ref/c/tdef/MMInlineAdSize</TokenIdentifier>
			<Abstract type="html">Sizing constants for inline ads.</Abstract>
			<DeclaredIn>MMInlineAd.h</DeclaredIn>
            
			
			<NodeRef refid="15"/>
		</Token>
		
		
        
        <Token>
            <TokenIdentifier>//apple_ref/c/econst/MMInlineAdSizeBanner</TokenIdentifier>
            <Abstract type="html">An inline placement sized for a 320x50 banner ad.</Abstract>
            <Declaration>MMInlineAdSizeBanner</Declaration>
            
            <DeclaredIn>MMInlineAd.h</DeclaredIn>
            
            <NodeRef refid="15"/>
        </Token>
        
        <Token>
            <TokenIdentifier>//apple_ref/c/econst/MMInlineAdSizeLargeBanner</TokenIdentifier>
            <Abstract type="html">An inline placement sized for a 320x100 banner ad.</Abstract>
            <Declaration>MMInlineAdSizeLargeBanner</Declaration>
            
            <DeclaredIn>MMInlineAd.h</DeclaredIn>
            
            <NodeRef refid="15"/>
        </Token>
        
        <Token>
            <TokenIdentifier>//apple_ref/c/econst/MMInlineAdSizeMediumRectangle</TokenIdentifier>
            <Abstract type="html">An inline placement sized for a 300x250 rectangle ad.</Abstract>
            <Declaration>MMInlineAdSizeMediumRectangle</Declaration>
            
            <DeclaredIn>MMInlineAd.h</DeclaredIn>
            
            <NodeRef refid="15"/>
        </Token>
        
        <Token>
            <TokenIdentifier>//apple_ref/c/econst/MMInlineAdSizeFullBanner</TokenIdentifier>
            <Abstract type="html">An inline placement sized for a 468x60 full size banner ad.</Abstract>
            <Declaration>MMInlineAdSizeFullBanner</Declaration>
            
            <DeclaredIn>MMInlineAd.h</DeclaredIn>
            
            <NodeRef refid="15"/>
        </Token>
        
        <Token>
            <TokenIdentifier>//apple_ref/c/econst/MMInlineAdSizeLeaderboard</TokenIdentifier>
            <Abstract type="html">An inline placement sized for a 728x90 leaderboard ad.</Abstract>
            <Declaration>MMInlineAdSizeLeaderboard</Declaration>
            
            <DeclaredIn>MMInlineAd.h</DeclaredIn>
            
            <NodeRef refid="15"/>
        </Token>
        
        <Token>
            <TokenIdentifier>//apple_ref/c/econst/MMInlineAdSizeFlexible</TokenIdentifier>
            <Abstract type="html">An inline placement sized for a flexible (device) width and height. Height may vary by device, orientation, or ad network.</Abstract>
            <Declaration>MMInlineAdSizeFlexible</Declaration>
            
            <DeclaredIn>MMInlineAd.h</DeclaredIn>
            
            <NodeRef refid="15"/>
        </Token>
        
        
	</File>
</Tokens>