<?xml version="1.0" encoding="UTF-8"?>
<Tokens version="1.0">
	<File path="Constants/MMLogFlag.html">
		
		<Token>
			<TokenIdentifier>//apple_ref/c/tdef/MMLogFlag</TokenIdentifier>
			<Abstract type="html"></Abstract>
			<DeclaredIn>MMSDK.h</DeclaredIn>
            
			
			<NodeRef refid="16"/>
		</Token>
		
		
        
        <Token>
            <TokenIdentifier>//apple_ref/c/econst/MMLogFlagError</TokenIdentifier>
            <Abstract type="html"></Abstract>
            <Declaration>MMLogFlagError</Declaration>
            
            <DeclaredIn>MMSDK.h</DeclaredIn>
            
            <NodeRef refid="16"/>
        </Token>
        
        <Token>
            <TokenIdentifier>//apple_ref/c/econst/MMLogFlagWarn</TokenIdentifier>
            <Abstract type="html"></Abstract>
            <Declaration>MMLogFlagWarn</Declaration>
            
            <DeclaredIn>MMSDK.h</DeclaredIn>
            
            <NodeRef refid="16"/>
        </Token>
        
        <Token>
            <TokenIdentifier>//apple_ref/c/econst/MMLogFlagInfo</TokenIdentifier>
            <Abstract type="html"></Abstract>
            <Declaration>MMLogFlagInfo</Declaration>
            
            <DeclaredIn>MMSDK.h</DeclaredIn>
            
            <NodeRef refid="16"/>
        </Token>
        
        <Token>
            <TokenIdentifier>//apple_ref/c/econst/MMLogFlagDebug</TokenIdentifier>
            <Abstract type="html"></Abstract>
            <Declaration>MMLogFlagDebug</Declaration>
            
            <DeclaredIn>MMSDK.h</DeclaredIn>
            
            <NodeRef refid="16"/>
        </Token>
        
        
	</File>
</Tokens>