<?xml version="1.0" encoding="UTF-8"?>
<Tokens version="1.0">
	<File path="Constants/MMLogLevel.html">
		
		<Token>
			<TokenIdentifier>//apple_ref/c/tdef/MMLogLevel</TokenIdentifier>
			<Abstract type="html">Log levels for the SDK. Error is the least verbose level, Debug the most verbose.
Using these values rather than the MMLogFlag enum is recommended.</Abstract>
			<DeclaredIn>MMSDK.h</DeclaredIn>
            
			
			<NodeRef refid="17"/>
		</Token>
		
		
        
        <Token>
            <TokenIdentifier>//apple_ref/c/econst/MMLogLevelError</TokenIdentifier>
            <Abstract type="html"></Abstract>
            <Declaration>MMLogLevelError</Declaration>
            
            <DeclaredIn>MMSDK.h</DeclaredIn>
            
            <NodeRef refid="17"/>
        </Token>
        
        <Token>
            <TokenIdentifier>//apple_ref/c/econst/MMLogLevelWarn</TokenIdentifier>
            <Abstract type="html"></Abstract>
            <Declaration>MMLogLevelWarn</Declaration>
            
            <DeclaredIn>MMSDK.h</DeclaredIn>
            
            <NodeRef refid="17"/>
        </Token>
        
        <Token>
            <TokenIdentifier>//apple_ref/c/econst/MMLogLevelInfo</TokenIdentifier>
            <Abstract type="html"></Abstract>
            <Declaration>MMLogLevelInfo</Declaration>
            
            <DeclaredIn>MMSDK.h</DeclaredIn>
            
            <NodeRef refid="17"/>
        </Token>
        
        <Token>
            <TokenIdentifier>//apple_ref/c/econst/MMLogLevelDebug</TokenIdentifier>
            <Abstract type="html"></Abstract>
            <Declaration>MMLogLevelDebug</Declaration>
            
            <DeclaredIn>MMSDK.h</DeclaredIn>
            
            <NodeRef refid="17"/>
        </Token>
        
        
	</File>
</Tokens>