<?xml version="1.0" encoding="UTF-8"?>
<Tokens version="1.0">
	<File path="Classes/MMAd.html">
		
		<Token>
			<TokenIdentifier>//apple_ref/occ/cl/MMAd</TokenIdentifier>
			<Abstract type="html">The base class for all ad placement types. This class should not be directly instantiated.</Abstract>
			<DeclaredIn>MMAd.h</DeclaredIn>
            
			
			<NodeRef refid="1"/>
		</Token>
		
		
		<Token>
			<TokenIdentifier>//apple_ref/occ/instm/MMAd/initWithPlacementId:</TokenIdentifier>
			<Abstract type="html">Initializes a newly created ad.</Abstract>
			<DeclaredIn>MMAd.h</DeclaredIn>
			
			<Declaration>- (nullable instancetype)initWithPlacementId:(id)placementId</Declaration>
			<Parameters>
				<Parameter>
					<Name>apid</Name>
					<Abstract type="html">The APID (ad placement ID).</Abstract>
				</Parameter>
			</Parameters>
			
			<Anchor>//api/name/initWithPlacementId:</Anchor>
            <NodeRef refid="1"/>
		</Token>
		
		<Token>
			<TokenIdentifier>//apple_ref/occ/instm/MMAd/setPlacementId:</TokenIdentifier>
			<Abstract type="html">The APID provided at the time of ad creation. This value cannot be changed.</Abstract>
			<DeclaredIn>MMAd.h</DeclaredIn>
			
			<Declaration>@property (nonatomic, readonly, nonnull) NSString *placementId</Declaration>
			
			
			<Anchor>//api/name/placementId</Anchor>
            <NodeRef refid="1"/>
		</Token>
		
		<Token>
			<TokenIdentifier>//apple_ref/occ/instm/MMAd/placementId</TokenIdentifier>
			<Abstract type="html">The APID provided at the time of ad creation. This value cannot be changed.</Abstract>
			<DeclaredIn>MMAd.h</DeclaredIn>
			
			<Declaration>@property (nonatomic, readonly, nonnull) NSString *placementId</Declaration>
			
			
			<Anchor>//api/name/placementId</Anchor>
            <NodeRef refid="1"/>
		</Token>
		
		<Token>
			<TokenIdentifier>//apple_ref/occ/instp/MMAd/placementId</TokenIdentifier>
			<Abstract type="html">The APID provided at the time of ad creation. This value cannot be changed.</Abstract>
			<DeclaredIn>MMAd.h</DeclaredIn>
			
			<Declaration>@property (nonatomic, readonly, nonnull) NSString *placementId</Declaration>
			
			
			<Anchor>//api/name/placementId</Anchor>
            <NodeRef refid="1"/>
		</Token>
		
        
        
	</File>
</Tokens>