<?xml version="1.0" encoding="UTF-8"?>
<Tokens version="1.0">
	<File path="Constants/MMGender.html">
		
		<Token>
			<TokenIdentifier>//apple_ref/c/tdef/MMGender</TokenIdentifier>
			<Abstract type="html"></Abstract>
			<DeclaredIn>MMUserSettings.h</DeclaredIn>
            
			
			<NodeRef refid="14"/>
		</Token>
		
		
        
        <Token>
            <TokenIdentifier>//apple_ref/c/econst/MMGenderMale</TokenIdentifier>
            <Abstract type="html"></Abstract>
            <Declaration>MMGenderMale</Declaration>
            
            <DeclaredIn>MMUserSettings.h</DeclaredIn>
            
            <NodeRef refid="14"/>
        </Token>
        
        <Token>
            <TokenIdentifier>//apple_ref/c/econst/MMGenderFemale</TokenIdentifier>
            <Abstract type="html"></Abstract>
            <Declaration>MMGenderFemale</Declaration>
            
            <DeclaredIn>MMUserSettings.h</DeclaredIn>
            
            <NodeRef refid="14"/>
        </Token>
        
        <Token>
            <TokenIdentifier>//apple_ref/c/econst/MMGenderOther</TokenIdentifier>
            <Abstract type="html"></Abstract>
            <Declaration>MMGenderOther</Declaration>
            
            <DeclaredIn>MMUserSettings.h</DeclaredIn>
            
            <NodeRef refid="14"/>
        </Token>
        
        
	</File>
</Tokens>